seconds,force (gF),temp (C),motor (%),accel_x (m/s^2),accel_y (m/s^2),accel_z (m/s^2),gyro_thx (deg/sec),gyro_thy (deg/sec),gyro_thz (deg/sec),,,
0,10.06233863,5.744768982,30,9.960900879,-3.057116699,-1.382910156,4.560852051,8.598327637,-6.932067871,,,
1,9.26671185,5.748386938,30,8.461950684,-3.918444824,1.624560547,23.84033203,47.72338867,7.637023926,,,
2,8.751894525,5.748386938,30,8.580383301,-3.587670898,3.480004883,5.842590332,-8.213806152,-7.562255859,,,
3,8.6114898,5.741153783,30,8.165869141,-5.537023926,1.64609375,10.2432251,13.23394775,-13.53302002,,,
4,8.33068035,5.726720512,30,8.116223145,-2.954833984,3.797619629,38.29193115,4.582214355,-1.100158691,,,
5,8.377481925,5.719520362,30,8.388378906,-3.875378418,3.482995605,-24.98321533,-108.5418701,-43.20526123,,,
6,8.307279563,5.697985653,30,8.70958252,-3.674401855,2.854943848,-0.886535645,-2.777099609,-13.68255615,,,
7,7.535053575,5.697985653,30,9.139050293,-4.072766113,2.461364746,6.611633301,-10.9588623,-5.564880371,,,
8,8.283878775,5.701567935,30,8.998486328,-4.155310059,1.458276367,-1.954650879,13.09509277,0.395202637,,,
9,9.26671185,5.683683796,30,8.229870605,-4.393969727,2.460168457,10.88409424,11.48223877,-9.70916748,,,
10,7.95626775,5.662312605,30,9.012243652,-4.010559082,2.905786133,6.33392334,3.984069824,-3.086853027,,,
11,8.2370772,5.651663606,30,8.189196777,-3.573913574,3.592456055,5.671691895,-6.109619141,-2.734375,,,
12,8.822096888,5.641038929,30,8.917736816,-3.907080078,3.368151855,3.086853027,-7.124328613,-5.83190918,,,
13,14.71909534,5.641038929,30,9.011047363,-3.862219238,2.965002441,12.059021,-7.679748535,-5.97076416,,,
14,11.55998903,5.701567935,30,8.880651855,-4.952636719,2.703015137,0.149536133,8.876037598,-3.204345703,,,
15,23.54119223,5.795672172,30,8.598925781,-3.593054199,2.580395508,8.042907715,-30.36651611,-11.19384766,,,
16,30.11681351,5.906596873,30,8.64498291,-3.376525879,2.043261719,14.55841064,-2.809143066,-3.033447266,,,
17,25.92807255,6.06621509,30,8.356079102,-3.734216309,1.571325684,-12.96691895,0.042724609,7.284545898,,,
18,9.711326813,6.155814775,30,8.598327637,-4.65057373,0.906188965,2.178955078,-3.984069824,-5.810546875,,,
19,13.64265911,6.175501695,30,8.647973633,-3.434545898,1.128100586,15.46630859,0.512695313,-3.289794922,,,
20,26.3960883,6.219077929,30,8.796911621,-3.620568848,1.754956055,12.25128174,-6.878662109,-5.596923828,,,
21,29.13398044,6.303290348,30,9.038562012,-3.672607422,1.766320801,6.483459473,-1.484680176,-4.379272461,,,
22,23.16677963,6.413563135,30,10.69063721,-2.741894531,0.479711914,54.14276123,132.1258545,33.80584717,,,
23,7.043637038,6.509305922,30,7.651464844,-4.289294434,4.26895752,-2.627563477,-6.462097168,-16.67327881,,,
24,6.996835463,6.521918312,30,7.763317871,-4.2109375,3.786254883,16.60919189,-11.43951416,-0.86517334,,,
25,16.52095598,6.50091367,30,8.186206055,-4.008764648,4.004577637,10.7131958,-11.71722412,-4.347229004,,,
26,25.20264814,6.551459623,30,8.208935547,-3.757543945,3.852648926,6.376647949,-10.25390625,-5.895996094,,,
27,13.6660599,6.602470024,30,7.847058105,-4.563842773,4.359277344,-5.116271973,8.470153809,-5.116271973,,,
28,14.67229376,6.649641209,30,8.235253906,-3.692944336,2.172460938,34.21173096,18.19000244,-5.46875,,,
29,28.94677414,6.662574867,30,8.414099121,-3.563745117,3.073266602,17.69866943,-5.297851563,-5.618286133,,,
30,30.37422218,6.732056095,30,7.466040039,-2.891430664,4.813269043,17.36755371,7.188415527,-6.814575195,,,
31,15.39771818,6.833431661,30,6.680078125,-5.011254883,6.538317871,9.196472168,-26.4465332,-9.078979492,,,
32,29.85940485,6.887033004,30,7.385290527,-3.398059082,4.9765625,13.27667236,-9.698486328,-11.49291992,,,
33,27.40232216,6.959268391,30,7.924816895,-3.149230957,4.523168945,5.319213867,-6.269836426,-10.2645874,,,
34,25.2728505,7.0600415,30,8.348303223,-3.118725586,4.06439209,4.24041748,-10.18981934,-5.062866211,,,
35,32.36328911,7.125055296,30,7.939172363,-4.003979492,3.758740234,-6.184387207,-10.85205078,-8.534240723,,,
36,6.435216563,7.171920319,30,7.506713867,-4.15949707,3.495556641,-4.635620117,9.111022949,-5.554199219,,,
37,10.08573941,7.14375845,30,8.525952148,-4.421484375,3.580493164,6.109619141,-11.06567383,-12.34741211,,,
38,18.36961819,7.120388411,30,8.266357422,-3.795825195,3.085229492,-6.814575195,-5.372619629,0.480651855,,,
39,22.62856151,7.120388411,30,8.564233398,-4.385595703,2.42487793,7.893371582,-13.6932373,-6.163024902,,,
40,22.23074813,7.125055296,30,8.614477539,-4.61887207,2.433850098,15.81878662,-13.61846924,-6.29119873,,,
41,21.9031371,7.120388411,30,8.029492188,-5.311523438,2.363867188,9.698486328,11.47155762,4.667663574,,,
42,26.5832946,7.14375845,30,4.935290527,-4.579394531,6.312219238,6.045532227,-36.47613525,-18.56384277,,,
43,26.93430641,7.200211276,30,6.881054688,-4.64519043,6.011950684,12.74261475,-5.500793457,-2.563476563,,,
44,24.61762845,7.271507324,30,7.110144043,-4.554272461,5.78046875,-17.01507568,-11.6317749,-6.33392334,,,
45,32.15268203,7.314677871,30,7.475610352,-4.23067627,4.851550293,1.420593262,-8.737182617,-7.594299316,,,
46,27.65973083,7.338789783,30,6.287695313,-3.981848145,6.012548828,14.20593262,25.68817139,-13.05236816,,,
47,29.99980958,7.387290166,30,5.831311035,-4.050036621,7.149621582,10.28594971,17.59185791,-5.661010742,,,
48,29.29778595,7.406794067,30,6.168664551,-4.285705566,5.904882813,6.227111816,-93.58825684,-7.33795166,,,
49,28.22134973,7.426357524,30,5.11114502,-4.66373291,7.103564453,2.638244629,-30.15289307,-4.069519043,,,
50,29.48499225,7.470593998,30,5.462255859,-4.684069824,6.44440918,6.451416016,-6.494140625,-5.938720703,,,
51,30.3274206,7.505210559,30,5.766113281,-4.102075195,5.931799316,13.72528076,7.060241699,-16.22467041,,,
52,31.54426155,7.564984641,30,6.933691406,-4.048242188,5.322290039,-1.91192627,-32.05413818,-4.988098145,,,
53,29.18078201,7.569990538,30,6.570019531,-4.37722168,5.997595215,-2.05078125,-64.00146484,5.543518066,,,
54,28.68936548,7.585031141,30,6.464746094,-4.092504883,5.351599121,5.78918457,-15.58380127,-21.69342041,,,
55,32.97170959,7.625307966,30,7.670007324,-4.506420898,4.190002441,6.173706055,-7.348632813,-6.024169922,,,
56,32.17608281,7.640475207,30,8.09708252,-4.19119873,3.555371094,-7.957458496,-22.08862305,-6.568908691,,,
57,28.29155209,7.65567717,30,8.502026367,-3.703710938,3.322094727,50.5645752,-10.45684814,-7.273864746,,,
58,31.19324974,7.681091152,30,8.150915527,-4.288098145,3.915454102,6.932067871,-10.49957275,-7.124328613,,,
59,29.74240091,7.706602174,30,7.223791504,-4.442419434,5.232568359,1.676940918,7.241821289,-0.480651855,,,
60,31.56766234,7.721955521,30,6.929504395,-3.740795898,5.050732422,32.3638916,-12.62512207,-12.25128174,,,
61,34.42255841,7.752767739,30,8.506811523,-3.1390625,6.979748535,13.60778809,11.6104126,27.04467773,,,
62,24.87503711,7.830417617,30,6.971374512,-1.765124512,6.678283691,9.719848633,-1.73034668,-6.483459473,,,
63,23.5879938,7.940629804,30,6.887634277,-0.266772461,7.264465332,31.38122559,2.937316895,-9.292602539,,,
64,24.07941034,8.047246691,30,6.471923828,-1.505529785,8.545690918,-45.43762207,-23.31695557,-16.29943848,,,
65,31.98887651,8.122851496,30,7.023413086,-1.714880371,6.027502441,10.07232666,-5.212402344,-23.81896973,,,
66,41.30238994,8.17735102,30,6.328967285,-3.691149902,6.760827637,-11.35406494,-1.089477539,-6.504821777,,,
67,38.84530725,8.210250689,30,6.203356934,-3.296374512,6.56463623,-4.325866699,18.37158203,-5.244445801,,,
68,38.49429544,8.23226754,30,7.326074219,-2.930310059,5.147631836,4.154968262,-13.00964355,-1.174926758,,,
69,32.10588045,8.259883169,30,5.774487305,-3.518286133,6.683666992,8.619689941,-3.759765625,-19.59991455,,,
70,35.26498676,8.270958924,30,7.746569824,-3.686962891,5.315710449,-15.45562744,23.85101318,7.070922852,,,
71,31.84847179,8.282051575,30,8.278320313,-3.488977051,4.003979492,24.86572266,-26.41448975,-12.86010742,,,
72,33.43972534,8.315431172,30,7.99420166,-4.30065918,3.889135742,-17.90161133,20.00579834,-40.51361084,,,
73,34.79697101,8.337769197,30,8.174243164,-4.157702637,3.997998047,-12.95623779,14.5904541,4.624938965,,,
74,34.84377259,8.348963775,30,7.992407227,-3.91784668,3.95612793,9.239196777,19.99511719,-4.742431641,,,
75,34.70336786,8.371404193,30,7.479797363,-4.388586426,5.304943848,-0.256347656,29.50134277,-20.47576904,,,
76,35.31178834,8.399551101,30,7.920629883,-4.143347168,3.709094238,6.01348877,-9.5703125,-3.23638916,,,
77,33.15891589,8.416490807,30,8.149121094,-4.117626953,3.651074219,7.391357422,-8.758544922,-8.88671875,,,
78,33.65033243,8.433469294,30,8.115026855,-4.255200195,3.301159668,7.391357422,-9.004211426,-5.938720703,,,
79,31.89527336,8.433469294,30,6.826623535,-3.198278809,5.513098145,16.41693115,-20.32623291,-18.75610352,,,
80,26.32588594,8.473237072,30,7.339233398,-2.005578613,6.292480469,3.118896484,-6.355285645,-10.84136963,,,
81,17.24638039,8.55341202,30,7.296166992,-1.117333984,6.548486328,7.081604004,-6.066894531,-8.117675781,,,
82,19.11844339,8.628630164,30,7.920031738,0.232080078,6.938476563,43.94226074,24.41711426,14.44091797,,,
83,9.149707913,8.681142601,30,6.319396973,-0.584985352,7.51628418,5.810546875,-0.13885498,2.691650391,,,
84,14.7892977,8.74581561,30,6.864904785,-1.237561035,7.463049316,8.598327637,-2.809143066,-1.22833252,,,
85,30.91244029,8.793192282,30,6.559851074,-2.305249023,4.986132813,0.758361816,-44.98901367,-24.23553467,,,
86,38.44749386,8.846837499,30,8.942260742,-1.015649414,3.101977539,10.2432251,6.558227539,2.253723145,,,
87,38.79850568,8.870798199,30,7.473815918,-3.414208984,4.998693848,-10.64910889,3.482055664,-7.412719727,,,
88,36.76263716,8.912905612,30,6.94864502,-4.42208252,5.312719727,5.746459961,-16.22467041,-9.826660156,,,
89,37.90927575,8.906876503,30,8.214318848,-3.478808594,4.705004883,8.149719238,13.71459961,3.41796875,,,
90,35.33518913,8.912905612,30,6.956420898,-4.26776123,5.549584961,6.430053711,2.531433105,-11.39678955,,,
91,35.68620094,8.906876503,30,8.328564453,-3.519482422,4.851550293,16.01104736,-13.76800537,-0.341796875,,,
92,34.14174896,8.918939317,30,8.424267578,-2.725744629,4.261779785,5.458068848,-18.49975586,4.721069336,,,
93,37.6284663,8.918939317,30,6.222497559,-3.721655273,5.790039063,14.67590332,-35.20507813,-16.66259766,,,
94,34.0715466,8.924977624,30,6.638806152,-3.27902832,7.03059082,12.20855713,-13.11645508,-4.64630127,,,
95,37.44126,8.949176928,30,6.064587402,-3.344226074,6.965991211,1.014709473,-14.24865723,-2.040100098,,,
96,38.89210883,8.955238292,30,7.411608887,-3.181530762,5.513696289,4.165649414,-15.70129395,-7.604980469,,,
97,35.82660566,8.967374887,30,6.360070801,-3.071472168,4.894018555,30.98602295,-29.49066162,-5.351257324,,,
98,34.28215369,8.985614506,30,6.029296875,-3.537426758,6.500634766,-6.953430176,-2.606201172,-0.736999512,,,
99,33.43972534,9.003895881,30,6.97376709,-3.861621094,5.848059082,1.335144043,-9.741210938,-0.534057617,,,
100,37.0668474,9.003895881,30,6.690246582,-3.972277832,6.384594727,8.651733398,1.602172852,-11.25793457,,,
101,34.32895526,9.028336166,30,6.543701172,-3.679785156,6.346911621,2.862548828,-5.10559082,-6.483459473,,,
102,35.73300251,9.040584281,30,6.203356934,-3.350805664,6.437231445,6.483459473,2.520751953,-13.27667236,,,
103,31.89527336,9.058991497,30,7.025805664,-3.676794434,6.130383301,10.10437012,-15.81878662,-14.85748291,,,
104,35.17138361,9.089763882,30,6.941467285,-3.427368164,6.492260742,-5.65032959,2.723693848,5.767822266,,,
105,33.81413794,9.095932445,30,7.098779297,-3.646289063,5.868395996,-17.41027832,1.495361328,2.542114258,,,
106,33.90774109,9.11446637,30,7.873974609,-4.265966797,5.508312988,19.69604492,-49.96643066,1.91192627,,,
107,33.41632455,9.108283685,30,7.358972168,-4.740893555,4.563244629,-2.072143555,-13.4475708,-5.746459961,,,
108,33.36952298,9.133042724,30,7.749560547,-4.529150391,4.146936035,8.758544922,5.191040039,-6.675720215,,,
109,32.99511038,9.157877365,30,6.990515137,-4.022521973,5.34621582,11.87744141,1.100158691,-10.43548584,,,
110,31.75486864,9.170323109,30,7.13347168,-4.181030273,5.334851074,5.126953125,11.30065918,-5.928039551,,,
111,36.78603795,9.176553099,30,7.671801758,-3.697131348,5.682971191,12.87078857,-17.83752441,-4.560852051,,,
112,36.08401433,9.189027335,30,6.011950684,-4.472924805,6.425268555,17.49572754,-5.928039551,-4.518127441,,,
113,33.1355151,9.201520602,30,7.244128418,-3.571520996,5.888134766,5.778503418,-16.50238037,-7.786560059,,,
114,32.43349148,9.239114877,30,6.645385742,-4.484887695,6.543701172,-3.834533691,-6.462097168,7.38067627,,,
115,39.26652143,9.226564343,30,6.600524902,-4.201367188,5.862414551,9.623718262,-19.56787109,-5.78918457,,,
116,30.16361509,9.251684558,30,7.306335449,-4.106262207,5.356982422,4.507446289,-28.28369141,-9.100341797,,,
117,35.569197,9.264273415,30,6.005371094,-4.172058105,5.866003418,15.47698975,-50.01983643,-28.36914063,,,
118,31.28685289,9.257976587,30,6.949841309,-4.058410645,5.679382324,7.220458984,-5.821228027,-11.19384766,,,
119,36.15421669,9.289508775,30,6.802697754,-4.386791992,5.668017578,1.890563965,-7.060241699,-5.009460449,,,
120,30.5146269,9.314821193,30,7.309326172,-4.231872559,5.425170898,36.15570068,-36.77520752,-28.97796631,,,
121,19.89066938,9.346570436,30,7.212426758,-1.027612305,7.43972168,21.09527588,4.678344727,-10.86273193,,,
122,28.99357571,9.416846156,30,7.81595459,-1.445117188,6.165673828,-13.05236816,-38.04626465,-2.136230469,,,
123,16.6613607,9.474784357,30,6.897802734,-0.104077148,8.02590332,14.01367188,-13.14849854,-21.97113037,,,
124,18.83763394,9.53962801,30,6.473120117,1.561157227,7.664624023,12.45422363,-20.14465332,-13.19122314,,,
125,10.36654886,9.552656157,30,6.879260254,0.91217041,6.458166504,-6.761169434,4.550170898,4.122924805,,,
126,19.04824103,9.598411392,30,7.555761719,1.378723145,6.280517578,3.866577148,-7.177734375,-5.28717041,,,
127,17.92500323,9.631243493,30,7.081433105,1.462463379,6.563439941,8.865356445,-2.168273926,-2.883911133,,,
128,18.60362606,9.637824942,30,7.818347168,0.924133301,7.089208984,14.15252686,-21.69342041,-11.95220947,,,
129,16.73156306,9.657599415,30,5.993408203,-0.522180176,6.565234375,-41.40014648,58.36181641,5.265808105,,,
130,22.30095049,9.697284272,30,5.437731934,-0.550292969,7.82791748,4.870605469,-5.60760498,-4.656982422,,,
131,23.26038278,9.717194864,30,6.084326172,-0.846374512,6.968981934,-0.395202637,-1.943969727,0.82244873,,,
132,17.5973922,9.730493909,30,5.949145508,-0.66932373,7.756140137,-1.580810547,-3.524780273,-5.372619629,,,
133,21.66912923,9.737151038,30,5.18770752,-0.982751465,7.01862793,31.2210083,-80.83496094,-40.7699585,,,
134,20.31188355,9.770512901,30,5.794226074,-0.570629883,7.558752441,-8.416748047,-1.00402832,-11.77062988,,,
135,16.40395204,9.783893288,30,5.178137207,-0.181835938,8.35189209,-26.24359131,31.45599365,-7.412719727,,,
136,20.28848276,9.810715334,30,6.205151367,0.629846191,7.936181641,11.37542725,-8.171081543,-0.736999512,,,
137,20.38208591,9.837619281,30,5.154211426,0.03828125,8.067773438,43.7713623,-18.53179932,-0.54473877,,,
138,15.21051188,9.851102046,30,6.671704102,0.328381348,7.293774414,-26.56402588,-20.76416016,-22.25952148,,,
139,18.06540795,9.88489902,30,5.476013184,0.570031738,7.882946777,39.41345215,-3.78112793,4.454040527,,,
140,18.20581268,9.878129317,30,5.624353027,-1.874584961,9.477001953,-36.87133789,-19.35424805,-18.25408936,,,
141,14.88290085,9.891673885,30,5.613586426,0.466552734,7.93737793,3.631591797,-11.82403564,-5.009460449,,,
142,17.15277724,9.918825043,30,4.578198242,-0.639416504,8.662927246,47.48840332,6.408691406,3.09753418,,,
143,18.36961819,9.925625777,30,5.330065918,-0.564050293,7.714868164,12.42218018,-7.444763184,-6.686401367,,,
144,19.21204654,9.946059109,30,5.396459961,-0.750073242,8.462548828,-4.753112793,46.18530273,-8.470153809,,,
145,23.7752001,9.959707311,30,6.063989258,0.176452637,8.20534668,18.54248047,-0.694274902,4.881286621,,,
146,22.88597018,9.952880609,30,5.731420898,0.144152832,7.731616211,18.68133545,-5.981445313,-3.770446777,,,
147,12.61302446,9.966539219,30,5.792431641,0.878076172,8.043847656,6.440734863,0.512695313,-3.482055664,,,
148,16.87196779,10.0076402,30,6.251208496,1.138867188,7.685559082,12.89215088,27.99530029,7.038879395,,,
149,20.7798993,10.02826129,30,6.949841309,0.883459473,6.962402344,8.149719238,-2.008056641,-3.930664063,,,
150,21.45852214,10.06273472,30,5.41081543,-0.760241699,8.522961426,16.34216309,-27.97393799,-3.78112793,,,
151,28.10434579,10.05582952,30,7.696325684,-2.549890137,8.635412598,-52.61535645,7.33795166,10.05096436,,,
152,32.03567809,10.09733979,30,7.103564453,-2.367456055,5.914453125,16.47033691,-25.5279541,-8.245849609,,,
153,36.62223244,10.09733979,30,6.319995117,-2.73112793,5.916845703,9.901428223,-39.54162598,-14.20593262,,,
154,37.95607733,10.11816623,30,7.16517334,-2.929711914,5.753552246,8.662414551,-26.90582275,-4.998779297,,,
155,34.56296314,10.132077,30,7.8859375,-2.613293457,5.699719238,19.79217529,-2.008056641,-3.652954102,,,
156,35.99041118,10.132077,30,7.999584961,-2.964404297,4.93828125,24.87640381,2.029418945,-12.36877441,,,
157,27.80013555,10.14600899,30,6.584375,-2.923730469,6.842773438,2.168273926,-18.96972656,-13.26599121,,,
158,19.35245126,10.15298296,30,6.211730957,-0.97557373,7.939172363,36.13433838,-20.16601563,-9.848022461,,,
159,10.92816776,10.18093203,30,6.231469727,-0.153125,7.929602051,2.499389648,-4.528808594,-10.09368896,,,
160,31.73146785,10.21598843,30,7.328466797,-1.475622559,5.784057617,-4.859924316,-28.74298096,-16.48101807,,,
161,36.59883165,10.23708648,30,8.231665039,-2.336352539,4.849755859,-0.373840332,-27.33306885,-18.2434082,,,
162,37.74547024,10.2441299,30,8.080334473,-2.607910156,5.26427002,9.645080566,0.32043457,-4.144287109,,,
163,34.23535211,10.25117868,30,7.295568848,-3.020031738,5.778076172,-0.672912598,-20.82824707,-11.58905029,,,
164,36.55203008,10.2723573,30,7.878759766,-3.115734863,4.991516113,12.02697754,-23.42376709,-5.265808105,,,
165,27.87033791,10.25117868,30,7.779467773,-1.761535645,6.138757324,20.35827637,9.5703125,-16.27807617,,,
166,18.11220953,10.2865033,30,7.087414551,-0.718371582,6.558654785,1.057434082,-7.284545898,-11.73858643,,,
167,17.05917409,10.32196281,30,7.458862305,-0.636425781,6.287695313,3.823852539,-5.714416504,-7.060241699,,,
168,27.47252453,10.35755771,30,8.24901123,-0.244641113,6.472521973,12.20855713,-4.988098145,3.877258301,,,
169,19.72686386,10.38613147,30,6.995300293,0.141162109,5.65246582,48.3001709,-39.15710449,-16.8548584,,,
170,26.32588594,10.39328853,30,8.285498047,0.803308105,5.391674805,8.865356445,-30.25970459,-14.16320801,,,
171,18.27601504,10.42197139,30,8.065380859,3.118725586,5.45447998,13.54370117,-0.854492188,-10.38208008,,,
172,24.59422766,10.42915579,30,8.494848633,-0.994116211,4.362866211,13.00964355,-21.73614502,-5.981445313,,,
173,25.15584656,10.44354101,30,8.393762207,1.55098877,3.32388916,-18.08319092,1.751708984,16.83349609,,,
174,23.44758908,10.46515999,30,8.424267578,1.14185791,4.962207031,1.837158203,-32.91931152,-11.68518066,,,
175,22.20734734,10.46515999,30,8.296264648,0.868505859,4.829418945,5.906677246,-8.908081055,-7.188415527,,,
176,24.73463239,10.46515999,30,7.908666992,-0.023925781,4.887438965,-4.24041748,2.381896973,-9.580993652,,,
177,25.01544184,10.48682848,30,8.268151855,0.677099609,5.779272461,-3.546142578,-20.77484131,-6.365966797,,,
178,28.57236154,10.48682848,30,8.660534668,0.453991699,4.646386719,3.524780273,-9.463500977,-3.546142578,,,
179,23.91560483,10.48682848,30,8.266955566,1.141259766,5.44251709,6.814575195,-15.80810547,-6.889343262,,,
180,22.06694261,10.49406232,30,7.981640625,0.757250977,5.824731445,5.393981934,19.74945068,1.559448242,,,
181,18.74403079,10.51579697,30,8.049230957,1.587475586,5.754150391,3.396606445,-3.834533691,-5.340576172,,,
182,23.70499774,10.50854656,30,7.66282959,1.141259766,5.691345215,12.41149902,-15.69061279,-11.46087646,,,
183,32.3866899,10.55213201,30,6.636413574,0.211743164,5.76192627,17.14324951,3.140258789,-25.70953369,,,
184,26.7705009,10.55941565,30,7.354785156,0.017346191,5.496350098,16.60919189,-24.22485352,-25.81634521,,,
185,30.91244029,10.58860579,30,7.900292969,-0.453991699,6.067578125,7.209777832,-6.15234375,-4.560852051,,,
186,32.26968596,10.56670484,30,7.459460449,-0.275744629,6.389978027,5.895996094,-6.184387207,-6.494140625,,,
187,32.3866899,10.58129991,30,7.488769531,-0.278735352,6.226086426,5.895996094,-6.825256348,-7.369995117,,,
188,28.68936548,10.56670484,30,7.66282959,0.013757324,6.307434082,7.369995117,-6.280517578,-6.590270996,,,
189,32.52709463,10.58129991,30,7.823730469,-0.529956055,6.238049316,-0.021362305,-15.14587402,2.200317383,,,
190,30.63163084,10.60323426,30,7.800402832,0.104675293,6.148327637,6.130981445,-6.141662598,-5.661010742,,,
191,32.1994836,10.58129991,30,7.945751953,-0.327185059,5.791235352,6.163024902,1.473999023,4.507446289,,,
192,29.36798831,10.60323426,30,7.66940918,0.339147949,5.998791504,8.427429199,-6.739807129,-8.299255371,,,
193,28.4553576,10.61055687,30,7.644287109,0.737512207,6.108850098,13.66119385,-3.578186035,-9.324645996,,,
194,31.00604344,10.62521884,30,7.367346191,-0.923535156,5.589660645,12.82806396,-10.70251465,-16.91894531,,,
195,27.56612768,10.65460991,30,8.663525391,0.473132324,4.734912109,25.04730225,-5.158996582,-11.94152832,,,
196,22.41795443,10.6767121,30,8.43503418,-0.209350586,5.041162109,-23.487854,-16.82281494,2.542114258,,,
197,23.72839853,10.68409073,30,10.14632568,0.419299316,1.370349121,32.82318115,-44.51904297,-0.833129883,,,
198,26.27908436,10.71366157,30,9.387878418,0.308044434,0.079553223,23.12469482,-22.996521,14.69726563,,,
199,49.89047895,10.75818723,30,10.18341064,-2.763427734,-0.844580078,-10.00823975,35.02349854,-7.412719727,,,
200,25.88127098,10.75075214,30,9.553564453,-1.640710449,0.348718262,7.220458984,34.93804932,0.149536133,,,
201,35.66280015,10.76562799,30,10.09129639,-1.665234375,-1.186120605,8.609008789,-31.54144287,-2.520751953,,,
202,8.120073263,10.76562799,30,9.106750488,-1.558764648,2.674304199,2.18963623,4.315185547,-4.870605469,,,
203,17.7845985,10.78798433,30,8.499633789,-1.246533203,3.169567871,-12.19787598,15.94696045,7.893371582,,,
204,14.48508746,10.79544781,30,8.286694336,1.138867188,4.917944336,-6.440734863,8.470153809,-9.70916748,,,
205,20.94370481,10.80291698,30,8.388977051,1.876977539,3.636120605,-4.454040527,-0.811767578,-3.503417969,,,
206,19.42265363,10.81787241,30,8.653955078,0.773999023,4.412512207,15.16723633,-5.693054199,-7.914733887,,,
207,22.51155758,10.84034835,30,7.268054199,0.093310547,6.968981934,20.64666748,13.45825195,-7.102966309,,,
208,27.3321198,10.84785176,30,8.958410645,2.169470215,5.667419434,-1.078796387,38.77258301,26.82037354,,,
209,22.79236703,10.86287575,30,7.257885742,1.321899414,5.943762207,5.14831543,0.480651855,-8.929443359,,,
210,25.0856442,10.84785176,30,7.719055176,-1.412219238,5.775683594,13.37280273,32.84454346,18.23272705,,,
211,23.28378356,10.84785176,30,5.587268066,-0.677697754,7.92421875,28.00598145,24.43847656,0.245666504,,,
212,15.21051188,10.87792266,30,5.688354492,-0.520385742,8.73470459,12.0803833,-72.17254639,-20.08056641,,,
213,9.26671185,10.88545472,30,4.847961426,2.435644531,7.004272461,44.34814453,-23.10333252,-35.01281738,,,
214,20.17147883,10.89299252,30,5.395861816,0.548498535,7.65625,-4.357910156,-13.74664307,-11.06567383,,,
215,21.31811741,10.93834019,30,7.75255127,-1.062902832,5.949145508,27.73895264,-39.91546631,-6.216430664,,,
216,15.14030951,10.93834019,30,6.988122559,-1.330871582,5.78046875,2.851867676,-1.773071289,10.86273193,,,
217,22.93277175,10.91564043,30,5.65246582,-1.241149902,9.133068848,-13.87481689,-21.76818848,-20.29418945,,,
218,22.37115285,10.91564043,30,6.671704102,-0.256005859,6.993505859,1.698303223,-13.47961426,-0.662231445,,,
219,22.18394655,10.93834019,30,7.283007813,0.081945801,6.462353516,6.8359375,-9.164428711,-1.142883301,,,
220,27.35552059,10.94591832,30,8.169458008,0.697436523,5.974865723,20.20874023,-28.7322998,-26.09405518,,,
221,15.04670636,10.94591832,30,6.367248535,0.836804199,6.80090332,11.00158691,30.21697998,14.30206299,,,
222,22.13714498,10.95350223,30,6.257189941,0.322998047,6.969580078,4.721069336,10.07232666,0.021362305,,,
223,20.07787568,10.9686874,30,6.381604004,0.570031738,6.968383789,-3.396606445,16.73736572,-11.49291992,,,
224,23.04977569,10.97628867,30,6.899597168,0.210546875,7.072460938,10.27526855,-30.68695068,-12.09106445,,,
225,18.27601504,10.9686874,30,6.424072266,1.216027832,7.949938965,-8.427429199,23.13537598,-2.029418945,,,
226,18.5334237,10.97628867,30,5.693737793,1.029406738,7.961303711,0.534057617,12.94555664,-9.132385254,,,
227,15.7253292,10.99912727,30,6.199169922,1.167578125,7.927807617,12.04833984,29.58679199,6.8359375,,,
228,16.52095598,10.9686874,30,5.927612305,1.609606934,8.171252441,7.220458984,-7.498168945,-6.002807617,,,
229,20.49908985,11.00675175,30,6.383996582,-0.653771973,7.296166992,-4.048156738,-72.57843018,-17.17529297,,,
230,18.62702685,10.99912727,30,7.226782227,1.338049316,6.790136719,18.13659668,27.37579346,1.04675293,,,
231,21.41172056,10.9915086,30,7.41340332,0.397167969,6.069372559,16.74804688,46.15325928,18.98040771,,,
232,24.336819,10.9915086,30,7.651464844,-0.721362305,5.09140625,1.025390625,-43.86749268,-17.60253906,,,
233,23.86880325,10.9915086,30,8.707788086,0.474926758,4.959216309,5.821228027,-16.54510498,-8.438110352,,,
234,20.4054867,11.00675175,30,9.028991699,0.712390137,5.03996582,8.010864258,-6.51550293,5.351257324,,,
235,25.4600568,11.03730785,30,7.689746094,1.126306152,5.769702148,12.82806396,-0.128173828,-7.049560547,,,
236,26.09187806,11.03730785,30,6.190795898,1.586279297,5.011254883,2.723693848,-89.75372314,-79.00848389,,,
237,23.63479538,11.02966009,30,9.118713379,0.09510498,3.907678223,30.47332764,-9.666442871,-29.1595459,,,
238,30.58482926,11.02966009,30,8.748461914,3.524865723,3.462658691,23.4664917,26.17950439,-8.715820313,,,
239,29.74240091,11.08331704,30,7.366748047,3.296972656,4.333557129,35.7925415,18.92700195,-24.1394043,,,
240,29.36798831,11.09870026,30,7.869787598,3.759936523,4.195983887,28.77502441,5.458068848,-11.6104126,,,
241,31.6378647,11.09100572,30,8.509204102,2.207751465,4.719958496,17.98706055,28.13415527,-2.403259277,,,
242,35.569197,11.10640066,30,7.452880859,4.496850586,3.221008301,0.352478027,-19.31152344,-5.158996582,,,
243,34.58636393,11.09100572,30,8.105456543,2.950048828,4.126599121,2.157592773,-18.11523438,-6.205749512,,,
244,37.0668474,11.09870026,30,7.629333496,4.189404297,3.314318848,-10.47821045,-26.39312744,14.31274414,,,
245,36.22441905,11.09870026,30,9.432141113,0.506030273,4.40892334,-27.62145996,-41.29333496,33.19702148,,,
246,40.31955686,11.10640066,30,7.86619873,3.948950195,3.448303223,24.89776611,33.0581665,-18.60656738,,,
247,39.5005293,11.10640066,30,7.690344238,5.209240723,2.69284668,50.67138672,67.15240479,-40.62042236,,,
248,38.47089465,11.10640066,30,8.093493652,4.201367188,3.003283691,-10.56365967,-17.89093018,10.54229736,,,
249,35.33518913,11.10640066,30,9.687548828,0.174060059,3.914257813,-25.7522583,-35.3012085,23.03924561,,,
250,34.86717338,11.10640066,30,8.16048584,3.387890625,3.551782227,36.09161377,24.02191162,-40.12908936,,,
251,30.56142848,11.10640066,30,9.241333008,-0.940283203,4.502832031,9.880065918,-23.45581055,-28.15551758,,,
252,33.04191195,11.1218191,30,9.139050293,0.907385254,3.692944336,1.409912109,-18.6706543,-2.082824707,,,
253,33.58013006,11.12953713,30,8.826818848,2.032495117,3.921435547,28.29437256,8.534240723,-31.32781982,,,
254,34.8203718,11.1218191,30,9.296960449,1.100585938,3.757543945,13.83209229,-1.420593262,-17.01507568,,,
255,36.99664504,11.13726105,30,8.089306641,3.533837891,3.225793457,-0.224304199,-11.81335449,2.467346191,,,
256,39.313323,11.1218191,30,7.881750488,-1.58269043,5.432348633,-30.13153076,14.3447876,19.15130615,,,
257,33.76733636,11.13726105,30,7.167565918,0.19140625,5.392871094,24.05395508,7.081604004,-33.33587646,,,
258,26.7705009,11.15272656,30,8.661730957,0.289501953,3.822741699,13.71459961,8.181762695,-2.905273438,,,
259,30.42102375,11.18372841,30,8.753845215,0.634033203,4.579992676,6.098937988,-0.939941406,-2.275085449,,,
260,30.09341273,11.16046816,30,8.765808105,0.655566406,4.917346191,2.285766602,-5.436706543,-4.080200195,,,
261,30.09341273,11.18372841,30,8.636010742,0.555078125,4.628442383,4.550170898,-5.97076416,-6.771850586,,,
262,30.77203556,11.19149365,30,8.417089844,-0.074768066,4.360473633,3.588867188,-5.137634277,-4.902648926,,,
263,30.42102375,11.19926481,30,8.444604492,-0.234472656,4.466943359,3.503417969,-4.219055176,-5.554199219,,,
264,26.46629066,11.18372841,30,8.482287598,0.298474121,5.211633301,7.65838623,-8.128356934,-8.192443848,,,
265,33.62693164,11.19926481,30,7.795617676,-0.217724609,5.486779785,10.29663086,-0.245666504,-2.851867676,,,
266,37.37105764,11.2070419,30,7.850646973,-1.32010498,5.762524414,6.878662109,-13.60778809,-13.37280273,,,
267,36.06061354,11.2070419,30,8.073156738,-1.43614502,5.743383789,3.952026367,-5.564880371,-4.934692383,,,
268,36.22441905,11.19926481,30,8.006164551,-1.513305664,5.702709961,4.176330566,-6.227111816,-4.763793945,,,
269,35.92020881,11.2070419,30,8.250805664,-1.878173828,6.081933594,-8.961486816,12.7746582,13.40484619,,,
270,21.76273238,11.19926481,30,7.949938965,-0.55447998,6.029296875,-6.718444824,-12.43286133,-1.217651367,,,
271,25.38985444,11.22261387,30,8.241235352,-1.289599609,5.663232422,-9.783935547,-9.538269043,1.676940918,,,
272,20.73309773,11.23040876,30,7.979248047,-0.589770508,5.79362793,12.21923828,-3.973388672,-7.70111084,,,
273,20.85010166,11.24601638,30,7.905078125,-0.701025391,5.732617188,5.212402344,-6.632995605,-6.29119873,,,
274,22.06694261,11.23040876,30,7.748364258,-0.266772461,5.527453613,10.0402832,-3.973388672,-7.348632813,,,
275,21.7159308,11.24601638,30,7.929003906,-1.835107422,5.802600098,-6.536865234,-12.42218018,-1.281738281,,,
276,21.06070875,11.25382912,30,8.152709961,0.125012207,5.829516602,3.001403809,-7.647705078,-3.450012207,,,
277,19.11844339,11.26164781,30,8.038464355,0.181835938,5.741589355,12.01629639,-6.130981445,-4.411315918,,,
278,18.74403079,11.26164781,30,7.792626953,-0.279931641,5.726635742,17.42095947,-2.542114258,-9.335327148,,,
279,15.88913471,11.26164781,30,7.619165039,0.199182129,5.921630859,8.38470459,-5.618286133,-5.618286133,,,
280,19.32905048,11.25382912,30,7.793225098,-0.482104492,5.927612305,2.830505371,-6.590270996,-5.126953125,,,
281,18.04200716,11.28513968,30,7.845263672,-0.793139648,5.973669434,8.950805664,-6.312561035,-6.248474121,,,
282,15.07010715,11.26164781,30,7.71427002,-0.112451172,6.113635254,12.74261475,-1.452636719,-5.436706543,,,
283,21.45852214,11.28513968,30,7.947546387,-2.497253418,6.79552002,-21.77886963,-12.39013672,0.961303711,,,
284,15.88913471,11.3008308,30,7.809375,0.208154297,5.921032715,14.04571533,1.441955566,-7.348632813,,,
285,16.31034889,11.3008308,30,7.754943848,0.12142334,5.988024902,18.37158203,-0.704956055,-8.88671875,,,
286,19.02484024,11.29298225,30,7.80279541,-0.2296875,5.997595215,3.439331055,-8.715820313,-6.782531738,,,
287,17.36338433,11.30868533,30,7.654455566,0.20456543,5.957519531,3.150939941,-7.167053223,-6.248474121,,,
288,16.49755519,11.3008308,30,7.704699707,0.805102539,5.769702148,13.93890381,2.114868164,-4.721069336,,,
289,31.75486864,11.29298225,30,8.438024902,-0.936096191,5.360571289,30.40924072,-50.77819824,8.000183105,,,
290,20.42888749,11.3008308,30,8.765209961,-0.138769531,5.572912598,3.866577148,7.872009277,16.22467041,,,
291,27.28531823,11.31654586,30,7.806982422,0.694445801,4.81027832,17.90161133,-9.548950195,-1.943969727,,,
292,23.86880325,11.33228489,30,8.045043945,0.104675293,5.246325684,4.849243164,-19.21539307,-8.587646484,,,
293,21.24791505,11.31654586,30,7.865002441,0.037683105,5.615979004,4.293823242,-6.098937988,-6.15234375,,,
294,20.61609379,11.30868533,30,8.089904785,0.389990234,6.436035156,2.381896973,-4.037475586,-2.59552002,,,
295,19.14184418,11.33228489,30,7.945153809,1.77409668,5.526257324,2.713012695,8.406066895,-0.32043457,,,
296,19.58645914,11.34804793,30,7.955322266,0.754260254,5.662036133,3.482055664,-11.20452881,-7.904052734,,,
297,26.44288988,11.34016341,30,7.769897461,0.219519043,5.572314453,7.252502441,-6.771850586,-7.060241699,,,
298,21.85633553,11.34016341,30,8.065380859,0.157312012,5.658447266,2.05078125,-7.220458984,-3.866577148,,,
299,21.31811741,11.34804793,30,7.013244629,1.266271973,7.059301758,22.27020264,3.385925293,0.50201416,,,
300,25.85787019,11.36383502,30,7.818347168,1.919445801,5.939575195,0.117492676,-10.17913818,-7.273864746,,,
301,24.96864026,11.34804793,30,7.914648438,0.67590332,5.859423828,4.058837891,-11.95220947,-6.398010254,,,
302,26.81730248,11.3717376,30,8.068969727,0.482702637,5.414404297,0.36315918,-9.239196777,-5.137634277,,,
303,13.17464336,11.3796462,30,7.33026123,-0.020935059,6.468933105,17.97637939,-9.228515625,-11.64245605,,,
304,22.11374419,11.3954815,30,7.865002441,-0.200976563,5.915649414,-8.139038086,-14.49432373,-6.568908691,,,
305,20.66289536,11.41134095,30,7.966687012,0.122619629,5.653662109,5.511474609,-5.575561523,-5.458068848,,,
306,21.99674025,11.4034082,30,7.606604004,1.367358398,6.024511719,1.463317871,-5.522155762,-2.210998535,,,
307,22.51155758,11.42722461,30,7.634716797,-0.185424805,6.044250488,7.872009277,-6.419372559,-7.391357422,,,
308,20.89690324,11.43517552,30,7.192687988,0.346325684,5.989819336,3.332519531,-2.456665039,5.094909668,,,
309,19.2822489,11.41134095,30,7.191491699,0.364868164,5.629138184,37.41607666,26.31835938,19.32220459,,,
310,21.83293474,11.41134095,30,7.375720215,0.140563965,6.588562012,7.434082031,5.415344238,2.41394043,,,
311,20.38208591,11.44313249,30,8.249609375,-0.715380859,5.954528809,6.814575195,-16.68395996,-12.06970215,,,
312,24.50062451,11.44313249,30,8.043847656,-0.270959473,4.739099121,12.92419434,-61.04278564,-34.31854248,,,
313,21.38831978,11.44313249,30,8.700610352,2.129992676,4.833007813,7.968139648,-3.55682373,-5.500793457,,,
314,19.37585205,11.45906464,30,8.623449707,1.19987793,4.685266113,4.699707031,-5.960083008,-5.180358887,,,
315,20.9671056,11.45906464,30,8.654553223,1.190307617,4.572814941,4.977416992,-7.124328613,-5.511474609,,,
316,17.85480086,11.46703983,30,8.653356934,1.376928711,4.425671387,4.432678223,3.909301758,-0.769042969,,,
317,18.04200716,11.45109553,30,8.656347656,1.088024902,4.380810547,5.191040039,-1.217651367,-3.129577637,,,
318,21.03730796,11.4750211,30,8.805285645,1.138867188,4.636218262,5.393981934,12.95623779,4.571533203,,,
319,24.31341821,11.46703983,30,8.37043457,0.598742676,4.978356934,7.167053223,-14.82543945,-10.2645874,,,
320,20.38208591,11.48300846,30,8.59354248,2.078552246,4.515991211,11.96289063,-0.907897949,2.606201172,,,
321,22.79236703,11.45906464,30,7.591052246,1.430163574,4.871887207,1.335144043,23.87237549,6.782531738,,,
322,15.93593629,11.49900145,30,8.256787109,1.565344238,5.34621582,-7.369995117,-6.269836426,-2.670288086,,,
323,17.36338433,11.4910019,30,7.585668945,1.590466309,6.303845215,6.632995605,-8.032226563,-7.177734375,,,
324,18.36961819,11.48300846,30,7.843469238,2.131188965,5.885742188,7.135009766,-14.71862793,-8.459472656,,,
325,16.68476149,11.51501883,30,7.787841797,1.116137695,5.814562988,7.01751709,-25.5065918,-12.15515137,,,
326,16.19334495,11.49900145,30,7.767504883,1.648486328,6.043054199,3.631591797,9.506225586,-1.54876709,,,
327,17.4101859,11.50700709,30,7.951135254,2.683874512,6.357080078,6.430053711,-12.03765869,-8.406066895,,,
328,14.15747644,11.50700709,30,7.440917969,1.076660156,5.834899902,2.339172363,-10.15777588,-7.327270508,,,
329,14.74249613,11.52303669,30,7.23515625,0.144152832,5.941967773,10.18981934,-52.04925537,-22.97515869,,,
330,15.7253292,11.52303669,30,7.697521973,1.873986816,5.764318848,4.187011719,-15.08178711,-7.423400879,,,
331,16.19334495,11.50700709,30,7.82791748,1.81895752,5.630334473,4.988098145,-9.976196289,-7.936096191,,,
332,15.79553156,11.51501883,30,7.117919922,-0.83560791,5.25111084,19.17266846,-60.96801758,-29.64019775,,,
333,16.0997418,11.53106066,30,7.846459961,2.180834961,6.122009277,1.708984375,12.48626709,4.667663574,,,
334,15.79553156,11.53106066,30,7.773486328,2.33515625,6.178833008,2.157592773,29.75769043,6.665039063,,,
335,15.79553156,11.52303669,30,7.409216309,1.711889648,5.929406738,5.746459961,-31.72302246,1.121520996,,,
336,17.43358669,11.53106066,30,7.14005127,-0.06998291,6.225488281,9.75189209,-54.57000732,-22.51586914,,,
337,16.52095598,11.53909074,30,7.497143555,1.022827148,5.551977539,11.99493408,-51.26953125,-25.15411377,,,
338,15.81893235,11.56321776,30,7.766906738,2.791540527,6.099279785,7.209777832,-20.753479,-12.09106445,,,
339,13.8532662,11.55516929,30,7.774084473,2.106066895,6.362463379,-1.847839355,45.52307129,16.47033691,,,
340,15.56152369,11.57933312,30,7.632324219,0.047253418,6.018530273,8.256530762,-48.73809814,-22.84698486,,,
341,13.92346856,11.57933312,30,7.998388672,2.861523438,6.223693848,-0.630187988,32.52410889,13.13781738,,,
342,15.42111896,11.56321776,30,7.593444824,1.643701172,5.629138184,-0.843811035,-7.679748535,-3.257751465,,,
343,16.4741544,11.57127237,30,7.730419922,1.076660156,5.877368164,4.614257813,-5.97076416,-4.454040527,,,
344,19.56305835,11.56321776,30,7.662231445,1.407434082,6.421081543,16.13922119,-18.12591553,-8.74786377,,,
345,15.79553156,11.57127237,30,7.372729492,1.193896484,6.331359863,8.908081055,-22.04589844,-10.09368896,,,
346,16.80176543,11.60355226,30,7.160986328,1.156811523,6.380407715,5.83190918,12.44354248,-0.662231445,,,
347,14.48508746,11.58740002,30,7.211828613,1.39666748,6.8140625,5.32989502,-5.928039551,-4.827880859,,,
348,15.79553156,11.57933312,30,6.994702148,0.499450684,6.321191406,9.89074707,-32.71636963,-15.32745361,,,
349,17.43358669,11.60355226,30,6.898400879,-0.339147949,6.216516113,8.662414551,-0.918579102,-6.494140625,,,
350,15.28071424,11.59547306,30,7.067077637,1.440930176,6.65435791,2.745056152,1.00402832,-2.104187012,,,
351,14.85950006,11.60355226,30,7.577294922,2.234069824,7.078442383,1.271057129,14.64385986,4.881286621,,,
352,16.848567,11.61972916,30,6.900793457,0.394775391,6.509606934,6.558227539,-22.64404297,-10.9161377,,,
353,15.65512684,11.61972916,30,7.057507324,0.532348633,6.564038086,6.494140625,-7.540893555,-6.622314453,,,
354,15.09350794,11.63593073,30,7.47800293,2.231677246,6.70579834,3.877258301,17.37823486,6.69708252,,,
355,15.46792054,11.61972916,30,7.188500977,1.874584961,6.777575684,1.303100586,16.06445313,3.930664063,,,
356,13.64265911,11.64404078,30,7.198071289,1.93918457,6.687854004,3.59954834,15.78674316,5.32989502,,,
357,14.0404725,11.61972916,30,6.937280273,1.089221191,6.687255859,2.381896973,1.292419434,-1.516723633,,,
358,14.20427801,11.64404078,30,7.497741699,2.339941406,6.904980469,2.360534668,19.12994385,3.55682373,,,
359,13.104441,11.65215702,30,7.370336914,2.056420898,7.106555176,1.837158203,12.15515137,2.221679688,,,
360,15.28071424,11.63593073,30,7.083825684,1.58807373,6.959411621,-0.459289551,7.540893555,2.264404297,,,
361,15.79553156,11.65215702,30,6.933691406,0.605322266,6.669311523,8.587646484,-24.69482422,-12.81738281,,,
362,14.29788116,11.66027944,30,7.587463379,2.537927246,6.885241699,-0.331115723,34.35058594,11.8560791,,,
363,17.33998354,11.64404078,30,7.12689209,1.509716797,7.15859375,6.387329102,-20.55053711,-11.93084717,,,
364,15.28071424,11.66840806,30,6.887634277,1.018041992,6.67947998,5.426025391,-4.763793945,-6.622314453,,,
365,16.16994416,11.66840806,30,7.410412598,2.05402832,7.156799316,1.751708984,21.97113037,5.725097656,,,
366,14.71909534,11.66840806,30,7.093395996,1.991821289,6.98572998,3.268432617,18.68133545,3.610229492,,,
367,14.6020914,11.67654288,30,6.793127441,0.864318848,6.490466309,3.588867188,5.799865723,-1.986694336,,,
368,16.56775755,11.69283112,30,7.332653809,2.383007813,6.826623535,4.838562012,22.74017334,4.902648926,,,
369,15.63172605,11.67654288,30,6.987524414,1.636523438,6.898400879,5.778503418,-11.73858643,-6.65435791,,,
370,16.0997418,11.67654288,30,6.813464355,0.590966797,6.582580566,7.637023926,-30.01403809,-14.38751221,,,
371,16.80176543,11.69283112,30,6.919934082,0.438439941,6.850549316,5.586242676,-10.06164551,-8.139038086,,,
372,15.1637103,11.68468389,30,7.090405273,1.95234375,6.693237305,3.973388672,17.91229248,3.55682373,,,
373,16.07634101,11.70914422,30,7.153210449,1.740600586,6.83918457,7.936096191,-19.20471191,-10.57434082,,,
374,16.19334495,11.70914422,30,7.002478027,0.638220215,6.758435059,5.383300781,-14.67590332,-10.06164551,,,
375,17.12937645,11.70914422,30,7.349401855,1.839892578,6.99888916,0.790405273,15.98968506,7.540893555,,,
376,18.04200716,11.7173101,30,7.346411133,1.804602051,6.555664063,9.794616699,-29.28771973,-15.56243896,,,
377,19.2822489,11.7254822,30,7.114929199,1.24354248,6.496447754,4.005432129,-14.29138184,-9.111022949,,,
378,17.12937645,11.74184511,30,6.79432373,1.377526855,6.763818359,4.945373535,12.83874512,0.160217285,,,
379,15.02330558,11.7254822,30,7.370935059,2.168273926,7.12689209,0.149536133,29.20227051,11.36474609,,,
380,18.27601504,11.73366054,30,7.300952148,2.224499512,6.791931152,5.928039551,-19.92034912,-10.15777588,,,
381,18.5334237,11.74184511,30,6.826025391,0.574816895,6.224291992,7.135009766,-43.36547852,-20.51849365,,,
382,19.32905048,11.75003592,30,6.837988281,0.787158203,6.44440918,4.507446289,-5.158996582,-7.006835938,,,
383,17.17617803,11.75823298,30,7.518676758,2.375231934,6.708190918,4.956054688,20.19805908,4.379272461,,,
384,17.01237251,11.75823298,30,7.066479492,1.845874023,6.504821777,0.373840332,6.483459473,3.182983398,,,
385,17.55059063,11.76643629,30,7.253100586,2.072570801,6.651367188,4.849243164,-10.78796387,-6.195068359,,,
386,17.45698748,11.75823298,30,7.362561035,2.228686523,6.629833984,4.817199707,-16.60919189,-8.171081543,,,
387,20.94370481,11.75003592,30,7.421777344,1.829724121,6.370837402,7.327270508,-35.24780273,-16.29943848,,,
388,18.20581268,11.79108377,30,7.436132813,1.655065918,6.293676758,8.56628418,-39.24255371,-18.93768311,,,
389,20.89690324,11.79108377,30,6.705200195,0.245239258,5.968884277,12.65716553,-48.51379395,-25.65612793,,,
390,19.35245126,11.77464586,30,7.334448242,2.461962891,6.472521973,7.092285156,21.84295654,6.024169922,,,
391,21.20111348,11.77464586,30,7.122705078,2.396765137,6.422875977,4.956054688,-18.6920166,-9.976196289,,,
392,22.93277175,11.79108377,30,6.639404297,0.34453125,6.760827637,4.069519043,-46.27075195,-23.73352051,,,
393,19.42265363,11.79931213,30,7.296765137,2.833410645,6.071166992,11.22589111,28.61480713,2.136230469,,,
394,20.00767331,11.79108377,30,7.132873535,2.516394043,6.590356445,4.988098145,-14.06707764,-7.434082031,,,
395,23.19018041,11.79108377,30,7.009057617,0.287109375,6.373828125,4.154968262,-49.59259033,-22.5692749,,,
396,19.11844339,11.81578767,30,7.345214844,2.391381836,6.388183594,8.491516113,38.33465576,8.790588379,,,
397,20.10127646,11.81578767,30,7.424768066,2.704211426,6.313415527,5.32989502,-29.88586426,-16.6519165,,,
398,22.86256939,11.83228835,30,7.303344727,1.006079102,6.035876465,5.201721191,-11.70654297,-11.72790527,,,
399,19.37585205,11.84881421,30,7.479797363,2.949450684,6.007763672,4.988098145,31.79779053,11.51428223,,,
400,22.34775206,11.83228835,30,7.06229248,0.407336426,6.228479004,1.965332031,-23.34899902,-9.623718262,,,
401,16.75496385,11.82403487,30,7.655053711,3.054125977,6.530541992,3.001403809,37.89672852,14.08843994,,,
402,21.24791505,11.84054813,30,7.577893066,2.51340332,6.673498535,2.926635742,-13.50097656,-3.578186035,,,
403,21.20111348,11.84054813,30,7.378710938,1.286010742,6.714770508,3.631591797,-22.90039063,-12.61444092,,,
404,24.64102924,11.85708659,30,7.000085449,1.071875,6.552075195,5.052185059,-48.05450439,-19.27947998,,,
405,19.18864575,11.85708659,30,7.521069336,2.735913086,5.941967773,8.139038086,32.01141357,13.71459961,,,
406,22.30095049,11.86536527,30,7.256689453,1.183129883,6.168066406,3.215026855,-14.78271484,-10.39276123,,,
407,20.56929221,11.84881421,30,7.31829834,2.691052246,6.071765137,6.782531738,10.59570313,0.395202637,,,
408,22.72216466,11.85708659,30,7.40144043,0.072973633,6.768603516,0.32043457,-52.11334229,-24.49188232,,,
409,20.9671056,11.87365027,30,7.443310547,2.25201416,6.2015625,7.028198242,-1.634216309,0.299072266,,,
410,20.14807804,11.88194159,30,7.591052246,2.859130859,6.151318359,8.02154541,-10.79864502,-5.639648438,,,
411,22.16054576,11.89854319,30,6.94864502,2.790942383,6.583776855,2.018737793,-13.25531006,-13.16986084,,,
412,20.10127646,11.89854319,30,7.481591797,2.917150879,6.738696289,8.288574219,-17.98706055,-7.359313965,,,
413,21.83293474,11.89854319,30,6.876269531,0.82244873,6.107055664,8.769226074,-9.20715332,-12.17651367,,,
414,24.82823554,11.90685349,30,7.022216797,1.360778809,6.589758301,11.69586182,1.741027832,-12.41149902,,,
415,20.85010166,11.9234931,30,7.615576172,1.862023926,6.729125977,-2.777099609,-30.59082031,-14.40887451,,,
416,19.86726859,11.91517013,30,7.149023438,2.399755859,6.315209961,2.349853516,-5.842590332,-1.997375488,,,
417,21.17771269,11.9234931,30,7.432543945,0.884057617,6.547888184,6.248474121,-15.18859863,-10.06164551,,,
418,23.5879938,11.93182242,30,7.931994629,1.97208252,6.168066406,4.016113281,-26.08337402,-3.012084961,,,
419,20.70969694,11.91517013,30,6.510803223,2.50144043,6.254199219,4.731750488,-0.309753418,0.117492676,,,
420,27.68313161,11.9234931,30,7.309924316,-0.218920898,6.806884766,7.391357422,-40.91949463,-13.36212158,,,
421,17.12937645,11.9234931,30,6.838586426,1.975073242,6.941467285,9.75189209,9.506225586,4.881286621,,,
422,27.47252453,11.93182242,30,6.766210938,0.453393555,7.308129883,1.580810547,0.352478027,-24.99389648,,,
423,19.44605441,11.93182242,30,6.75723877,1.442126465,7.098779297,3.086853027,4.325866699,-1.527404785,,,
424,19.58645914,11.94850013,30,6.57121582,2.080944824,7.172949219,2.638244629,-4.582214355,-3.033447266,,,
425,21.38831978,11.96520328,30,7.191491699,0.968994141,6.812268066,5.340576172,-7.647705078,5.842590332,,,
426,21.92653789,11.95684852,30,7.26685791,1.319506836,6.407922363,6.034851074,-18.6706543,-7.348632813,,,
427,23.16677963,11.94850013,30,7.40802002,2.065393066,6.309228516,8.961486816,-34.77783203,-14.97497559,,,
428,20.33528434,11.99030579,30,7.006066895,1.293188477,6.242834473,9.164428711,0.82244873,-11.1618042,,,
429,23.70499774,11.98193191,30,7.245922852,0.930712891,6.714770508,-1.879882813,3.343200684,6.15234375,,,
430,21.31811741,11.99868606,30,7.635314941,2.957824707,5.363562012,11.6317749,3.631591797,-0.82244873,,,
431,18.3462174,11.99030579,30,8.347106934,2.757446289,5.164978027,26.37176514,-14.19525146,-10.08300781,,,
432,25.10904499,11.98193191,30,7.497143555,2.646191406,4.569824219,8.972167969,-19.23675537,-20.89233398,,,
433,24.47722373,11.99868606,30,8.620458984,1.658056641,4.946057129,-3.930664063,10.82000732,11.09771729,,,
434,24.85163633,12.00707272,30,8.51159668,2.862719727,5.188305664,2.264404297,2.734375,-4.891967773,,,
435,24.45382294,12.01546577,30,9.087609863,1.217822266,4.414904785,6.269836426,-6.376647949,-6.8359375,,,
436,28.03414343,12.04068335,30,8.724536133,3.130090332,3.82154541,16.51306152,-1.644897461,-12.86010742,,,
437,23.7752001,12.02386522,30,8.274731445,2.103076172,3.999194336,-2.841186523,-8.70513916,-8.480834961,,,
438,26.9577072,12.03227108,30,8.790930176,2.576806641,4.115234375,10.49957275,-7.51953125,-4.656982422,,,
439,26.09187806,12.04068335,30,8.573803711,2.092907715,3.840686035,34.83123779,-19.21539307,-18.64929199,,,
440,24.45382294,12.04910203,30,8.47989502,2.019335938,3.633728027,20.90301514,-17.64526367,-21.13800049,,,
441,26.86410405,12.06595866,30,8.774182129,2.69942627,3.584082031,23.4664917,-1.943969727,-15.13519287,,,
442,30.16361509,12.05752713,30,9.204846191,1.668823242,3.861022949,8.106994629,-1.901245117,-1.741027832,,,
443,32.99511038,12.0997491,30,8.904577637,1.606616211,4.494458008,-15.97900391,-1.388549805,3.984069824,,,
444,26.23228279,12.09129183,30,8.448193359,2.304052734,3.250317383,31.07147217,-34.52148438,-22.64404297,,,
445,26.32588594,12.082841,30,8.770593262,3.732421875,2.091113281,31.01806641,4.154968262,-4.42199707,,,
446,31.75486864,12.0997491,30,8.236450195,-0.431860352,6.215319824,-17.3034668,-42.3828125,-49.74212646,,,
447,25.81106861,12.11668299,30,8.916540527,0.306848145,4.879064941,-22.67608643,5.426025391,2.702331543,,,
448,28.03414343,12.09129183,30,6.558654785,-0.034692383,3.700720215,10.60638428,88.55743408,24.11804199,,,
449,22.04354183,12.0997491,30,7.071264648,-3.076855469,5.635119629,14.1418457,-26.24359131,-19.12994385,,,
450,22.86256939,12.11668299,30,6.955822754,-0.830224609,4.529748535,25.9765625,-45.27740479,-42.87414551,,,
451,17.7845985,12.12515963,30,8.064782715,1.903894043,6.760229492,12.96691895,23.43444824,-4.582214355,,,
452,20.63949458,12.13364272,30,8.67668457,1.657458496,5.616577148,28.81774902,-19.39697266,-7.797241211,,,
453,22.79236703,12.13364272,30,7.108349609,-1.6078125,4.19239502,51.76086426,-129.9789429,-48.78082275,,,
454,21.9031371,12.14213229,30,6.96060791,-0.311035156,4.155310059,4.539489746,52.88238525,10.17913818,,,
455,24.17301349,12.14213229,30,9.134265137,0.676501465,6.370837402,31.21032715,-70.61309814,-25.64544678,,,
456,19.63326071,12.14213229,30,7.140649414,0.086132813,5.345019531,3.845214844,23.90441895,11.06567383,,,
457,17.45698748,12.14213229,30,6.911560059,-0.43963623,4.873681641,-11.22589111,23.75488281,9.346008301,,,
458,10.38994965,12.17615533,30,7.480395508,0.502441406,10.0243042,-62.90130615,62.52746582,43.32275391,,,
459,17.73779693,12.14213229,30,6.376818848,0.501843262,6.206347656,76.34887695,-33.46405029,-12.11242676,,,
460,20.66289536,12.15913084,30,5.057910156,-1.905688477,4.621264648,68.06030273,-100.5630493,-50.10528564,,,
461,17.99520559,12.14213229,30,5.919238281,-1.056323242,5.611791992,70.05767822,-70.52764893,-47.68066406,,,
462,21.99674025,12.15062832,30,7.817749023,-2.293884277,5.163781738,89.81781006,-47.27478027,-14.43023682,,,
463,14.53188904,12.17615533,30,5.169165039,-0.470739746,7.763317871,-42.39349365,9.944152832,-29.22363281,,,
464,11.84079848,12.17615533,30,6.384594727,-0.029309082,10.4286499,6.483459473,9.399414063,11.10839844,,,
465,5.920399238,12.15913084,30,5.68536377,-0.859533691,10.32038574,-38.7512207,3.161621094,9.378051758,,,
466,14.46168668,12.17615533,30,6.535327148,0.486291504,5.746374512,14.54772949,-60.34851074,-48.9944458,,,
467,17.9718048,12.17615533,30,6.405529785,0.278137207,8.548083496,20.35827637,-20.01647949,-10.30731201,,,
468,14.11067486,12.15913084,30,7.136462402,0.162695313,8.679077148,8.555603027,13.6932373,25.70953369,,,
469,3.884530725,12.15913084,30,6.447399902,0.169274902,9.534423828,-40.20385742,10.14709473,9.089660645,,,
470,15.32751581,12.18467731,30,5.901293945,0.674108887,7.253100586,13.94958496,0.480651855,-2.317810059,,,
471,15.7253292,12.19320579,30,5.723046875,0.498254395,9.48717041,-22.04589844,-25.17547607,-20.78552246,,,
472,20.24168119,12.16763984,30,5.522070313,0.910375977,7.742382813,9.143066406,-21.57592773,-19.30084229,,,
473,12.89383391,12.19320579,30,5.358178711,0.247033691,9.371728516,-28.75366211,3.428649902,-1.783752441,,,
474,13.6660599,12.20174077,30,6.203955078,0.107666016,8.014538574,-20.4864502,28.80706787,9.196472168,,,
475,19.51625678,12.17615533,30,6.277526855,-1.138867188,6.866101074,69.66247559,-30.74035645,-9.645080566,,,
476,18.51002291,12.20174077,30,3.657653809,-0.215332031,7.925415039,30.63354492,-40.85540771,-34.19036865,,,
477,28.03414343,12.21028226,30,4.793530273,-1.272851563,9.84486084,-36.50817871,-21.61865234,1.634216309,,,
478,24.96864026,12.23594583,30,3.575708008,2.956628418,6.234460449,8.876037598,-18.85223389,-65.78521729,,,
479,21.48192293,12.25308751,30,6.855334473,-1.498950195,7.648474121,-12.5289917,-69.0322876,-8.918762207,,,
480,26.18548121,12.25308751,30,6.512597656,0.546105957,6.969580078,16.78009033,8.06427002,-6.707763672,,,
481,21.1543119,12.22738479,30,6.555065918,0.498254395,7.519873047,15.35949707,-2.670288086,-8.470153809,,,
482,24.40702136,12.25308751,30,6.557458496,1.579101563,6.614880371,-3.567504883,-15.27404785,-1.239013672,,,
483,22.06694261,12.22738479,30,7.080236816,2.725146484,6.479101563,31.02874756,-6.269836426,-18.39294434,,,
484,29.25098438,12.22738479,30,7.363757324,0.916357422,6.410314941,2.91595459,-24.5880127,-12.16583252,,,
485,22.20734734,12.25308751,30,7.352392578,1.210644531,6.895410156,-9.954833984,-0.608825684,-5.191040039,,,
486,26.81730248,12.25308751,30,7.308728027,1.882958984,5.7421875,-4.582214355,-9.773254395,7.733154297,,,
487,24.26661664,12.2445134,30,9.070861816,-0.895422363,6.163879395,0.704956055,-31.9152832,10.7131958,,,
488,28.61916311,12.25308751,30,8.199365234,1.287805176,5.749365234,7.070922852,-16.47033691,11.12976074,,,
489,25.50685838,12.25308751,30,8.108447266,-0.998303223,6.837988281,5.500793457,-26.43585205,-4.913330078,,,
490,27.96394106,12.27025534,30,8.583374023,-0.648388672,5.861816406,3.813171387,-16.74804688,18.6920166,,,
491,22.8391686,12.25308751,30,8.048034668,-0.394775391,4.981945801,20.7321167,-1.441955566,-8.34197998,,,
492,24.78143396,12.26166815,30,8.570812988,1.214233398,3.283813477,56.53533936,1.324462891,14.64385986,,,
493,24.8984379,12.27884907,30,7.117321777,2.771203613,5.688952637,-3.289794922,-19.33288574,-3.503417969,,,
494,28.19794894,12.26166815,30,9.01583252,-0.82244873,5.854040527,-3.503417969,-17.02575684,22.33428955,,,
495,24.75803318,12.25308751,30,8.277124023,0.683679199,5.636914063,10.15777588,0.662231445,17.12188721,,,
496,26.11527885,12.26166815,30,7.189697266,0.74708252,6.267956543,2.616882324,5.532836914,4.507446289,,,
497,24.17301349,12.28744936,30,8.286694336,-1.847668457,5.691943359,11.75994873,-24.96185303,-4.357910156,,,
498,23.5879938,12.28744936,30,7.278222656,2.537329102,5.093798828,-3.161621094,12.36877441,-33.4854126,,,
499,21.03730796,12.27884907,30,7.743579102,2.223303223,6.854138184,-21.21276855,7.968139648,-9.634399414,,,
500,26.09187806,12.30466961,30,7.317102051,-1.26986084,6.799108887,39.21051025,-28.25164795,-14.27001953,,,
501,27.26191744,12.30466961,30,4.434643555,-0.12142334,5.210437012,-1.174926758,-12.57171631,-38.34533691,,,
502,26.72369933,12.2960562,30,6.933093262,-0.223706055,5.679382324,-15.53039551,-7.83996582,-26.52130127,,,
503,25.97487413,12.31328959,30,7.738793945,-1.92064209,5.09140625,-8.630371094,-12.42218018,16.29943848,,,
504,27.1449135,12.33918897,30,7.397851563,-2.121618652,7.234558105,23.42376709,-0.384521484,-1.773071289,,,
505,29.43819068,12.32191613,30,8.311218262,0.31940918,5.036975098,0.833129883,-15.47698975,2.488708496,,,
506,24.45382294,12.34783527,30,7.801599121,2.11862793,5.268457031,6.195068359,5.596923828,-11.10839844,,,
507,31.00604344,12.33918897,30,9.338232422,1.65925293,5.094396973,9.43145752,-5.265808105,11.17248535,,,
508,31.94207494,12.34783527,30,8.557653809,-0.928320313,4.353295898,7.369995117,-11.79199219,-2.339172363,,,
509,30.7018332,12.33054926,30,8.243029785,-1.81895752,5.569921875,-0.694274902,-13.87481689,-6.301879883,,,
510,34.51616156,12.35648816,30,8.817248535,-2.865710449,5.273242188,-8.085632324,-40.40679932,-9.687805176,,,
511,28.6425639,12.34783527,30,8.58815918,0.826635742,4.556665039,12.09106445,-0.704956055,-2.851867676,,,
512,25.10904499,12.35648816,30,8.062988281,1.275244141,5.486181641,8.737182617,6.365966797,-17.51708984,,,
513,28.40855603,12.35648816,30,7.434936523,1.240551758,5.404833984,-2.307128906,-4.197692871,-5.415344238,,,
514,28.80636941,12.33918897,30,8.576196289,1.884753418,5.899499512,3.941345215,10.56365967,-20.35827637,,,
515,31.14644816,12.34783527,30,4.965197754,-2.860327148,7.342224121,-27.3651123,-19.62127686,-19.68536377,,,
516,27.09811193,12.37381373,30,7.622753906,-2.385400391,5.902490234,-5.191040039,-8.235168457,-8.160400391,,,
517,19.91407016,12.39985167,30,8.354882813,-0.791345215,7.729821777,-38.21716309,20.35827637,11.88812256,,,
518,24.54742609,12.38248643,30,7.553369141,-0.759643555,5.961108398,23.85101318,-12.60375977,-7.028198242,,,
519,19.58645914,12.37381373,30,7.172949219,-0.966003418,4.853344727,2.403259277,22.36633301,13.78936768,,,
520,25.4600568,12.38248643,30,10.00635986,-0.51739502,5.968884277,30.49468994,-7.113647461,2.809143066,,,
521,21.59892686,12.36514764,30,7.93079834,-4.672705078,2.427868652,55.29632568,-39.88342285,-27.19421387,,,
522,30.63163084,12.37381373,30,7.119116211,-2.668920898,4.28092041,43.76068115,-25.21820068,-31.87255859,,,
523,21.57552608,12.38248643,30,7.907470703,-1.057519531,4.002185059,17.49572754,-9.495544434,-2.798461914,,,
524,22.20734734,12.38248643,30,8.220898438,0.698034668,9.131274414,-95.82061768,53.61938477,46.56982422,,,
525,33.93114188,12.39116574,30,6.785949707,-3.649279785,6.918737793,-23.33831787,-45.82214355,-32.43865967,,,
526,25.88127098,12.41724341,30,7.527050781,-3.620568848,6.67947998,25.23956299,-30.41992188,-14.60113525,,,
527,25.50685838,12.42594922,30,7.011450195,-0.227294922,6.884643555,-7.914733887,-13.07373047,-4.710388184,,,
528,25.34305286,12.42594922,30,7.940368652,0.278735352,5.085424805,29.44793701,-10.74523926,-24.3850708,,,
529,29.08717886,12.42594922,30,7.396655273,0.765026855,6.32298584,17.76275635,-19.66400146,-25.21820068,,,
530,22.69876388,12.46083891,30,7.264465332,2.374035645,5.648278809,20.29418945,17.65594482,0.918579102,,,
531,29.90620643,12.43466168,30,7.292578125,1.077258301,6.168066406,7.786560059,-15.53039551,0.18157959,,,
532,22.88597018,12.44338077,30,9.631323242,-0.875085449,7.284204102,-40.02227783,7.872009277,44.30541992,,,
533,31.84847179,12.43466168,30,6.84576416,-1.86920166,4.368249512,39.68048096,-112.739563,-53.33099365,,,
534,24.66443003,12.44338077,30,8.887231445,-1.156213379,5.949743652,-12.11242676,-29.14886475,-7.01751709,,,
535,30.35082139,12.45210652,30,7.290185547,0.775195313,5.75534668,12.94555664,-12.81738281,-9.43145752,,,
536,34.89057416,12.43466168,30,8.039660645,0.379223633,5.462255859,2.467346191,-13.13781738,-11.6317749,,,
537,29.08717886,12.45210652,30,8.455969238,1.306945801,5.076452637,14.15252686,-9.901428223,-5.735778809,,,
538,29.08717886,12.46957797,30,8.758032227,0.95703125,4.437036133,20.09124756,21.69342041,-8.374023438,,,
539,31.38045604,12.43466168,30,8.4984375,1.733422852,4.649377441,18.04046631,10.00823975,-3.663635254,,,
540,30.74863478,12.45210652,30,8.639599609,-0.069384766,4.943066406,-6.248474121,-23.55194092,-3.663635254,,,
541,30.65503163,12.47832369,30,8.221496582,3.337646484,3.840686035,26.35040283,15.24200439,-18.61724854,,,
542,24.96864026,12.46083891,30,8.555859375,3.667822266,4.414306641,14.44091797,12.57171631,-2.926635742,,,
543,35.03097889,12.46083891,30,8.419482422,2.186218262,4.231274414,12.94555664,6.547546387,-4.96673584,,,
544,27.16831429,12.47832369,30,8.693432617,1.634729004,3.963305664,9.655761719,3.706359863,0.373840332,,,
545,27.30871901,12.47832369,30,8.478100586,0.247033691,4.626647949,11.8560791,-7.850646973,-1.121520996,,,
546,31.4506584,12.47832369,30,9.131274414,-1.214831543,5.587268066,-22.95379639,-30.47332764,-5.853271484,,,
547,32.31648754,12.47832369,30,8.692236328,-2.633630371,5.522070313,-15.69061279,-41.27197266,-17.14324951,,,
548,30.77203556,12.48707608,30,8.978747559,2.320800781,3.367553711,36.2411499,12.33673096,2.061462402,,,
549,34.04814581,12.46083891,30,6.613684082,2.405737305,6.694433594,-29.30908203,-41.52832031,-88.31176758,,,
550,32.85470565,12.46083891,30,4.32578125,2.711987305,7.811169434,-38.61236572,-38.86871338,-103.5964966,,,
551,30.39762296,12.49583514,30,9.916638184,0.632836914,3.99979248,22.07794189,10.08300781,66.87469482,,,
552,29.62539698,12.48707608,30,9.216210938,2.030700684,3.593652344,48.05450439,10.38208008,-6.8359375,,,
553,29.46159146,12.46957797,30,9.144433594,2.653967285,3.629541016,31.07147217,3.546142578,2.275085449,,,
554,29.88280564,12.52215243,30,8.362060547,2.565441895,3.368151855,28.60412598,2.862548828,-14.08843994,,,
555,32.50369384,12.48707608,30,9.807177734,-0.123217773,4.005773926,7.936096191,2.734375,9.826660156,,,
556,28.12774658,12.49583514,30,7.54140625,1.197485352,6.366052246,4.678344727,-18.6920166,-19.64263916,,,
557,36.76263716,12.50460088,30,8.941662598,-1.254907227,5.399450684,-29.13818359,-32.19299316,-50.62866211,,,
558,34.84377259,12.50460088,30,8.181420898,1.765722656,5.090808105,-1.399230957,-5.308532715,0.384521484,,,
559,36.17761748,12.51337331,30,7.26685791,0.302062988,6.331359863,-58.27636719,-52.24151611,-84.06066895,,,
560,35.12458204,12.50460088,30,5.609997559,-2.103674316,10.78334961,-61.70501709,-27.41851807,-85.72692871,,,
561,33.62693164,12.51337331,30,6.385192871,3.147436523,3.920239258,12.91351318,-9.687805176,-71.60644531,,,
562,31.80167021,12.50460088,30,7.411010742,4.014147949,3.935192871,35.64300537,8.139038086,-21.55456543,,,
563,31.00604344,12.52215243,30,8.893811035,2.079748535,2.837597656,50.87432861,16.22467041,75.52642822,,,
564,31.75486864,12.51337331,30,11.49215088,-0.746484375,2.396166992,8.406066895,16.72668457,31.29577637,,,
565,31.09964659,12.53093823,30,12.59512939,-1.298571777,2.347119141,-6.47277832,3.994750977,34.98077393,,,
566,27.05131035,12.50460088,30,9.612182617,0.932507324,3.671411133,-6.280517578,2.029418945,54.67681885,,,
567,32.83130486,12.53973074,30,8.431445313,1.611401367,4.543505859,-13.68255615,-6.504821777,48.65264893,,,
568,32.05907888,12.53093823,30,9.123498535,0.773400879,4.615283203,-8.88671875,10.59570313,57.85980225,,,
569,37.95607733,12.53093823,30,8.499035645,0.707006836,4.940673828,-21.8963623,-4.539489746,2.830505371,,,
570,37.48806158,12.54852996,30,8.47989502,0.242248535,5.362365723,-15.00701904,1.805114746,-0.309753418,,,
571,37.6284663,12.53093823,30,8.27532959,0.456384277,5.769702148,-14.25933838,10.13641357,-0.854492188,,,
572,35.12458204,12.54852996,30,9.01463623,-0.588574219,5.386291504,15.89355469,-8.619689941,-14.37683105,,,
573,34.89057416,12.51337331,30,8.859716797,-0.071777344,4.594946289,5.992126465,-8.833312988,-6.504821777,,,
574,31.12304738,12.53973074,30,8.350695801,0.193200684,4.787548828,4.112243652,-2.563476563,-4.389953613,,,
575,36.99664504,12.55733588,30,8.714367676,0.409130859,4.840783691,8.587646484,-5.041503906,-7.252502441,,,
576,34.4459592,12.53973074,30,8.343518066,0.064001465,5.038171387,12.27264404,-3.55682373,-6.65435791,,,
577,38.30708914,12.55733588,30,8.423071289,-1.451098633,5.739196777,-8.822631836,9.922790527,5.639648438,,,
578,38.04968048,12.54852996,30,8.12220459,-0.709399414,5.735009766,-4.197692871,-16.00036621,-6.665039063,,,
579,35.85000645,12.56614851,30,8.079138184,-0.710595703,5.91385498,2.114868164,-8.630371094,-5.308532715,,,
580,36.27122063,12.57496787,30,8.382397461,-0.954638672,5.67878418,6.195068359,-5.821228027,-6.098937988,,,
581,37.74547024,12.58379395,30,8.401538086,-1.038977051,5.156005859,1.901245117,-2.648925781,-2.659606934,,,
582,31.825071,12.57496787,30,8.21730957,-1.088024902,5.381506348,5.479431152,-4.64630127,-6.109619141,,,
583,31.00604344,12.58379395,30,8.146728516,-1.179541016,5.464050293,2.777099609,-6.312561035,-5.169677734,,,
584,30.63163084,12.59262676,30,8.145532227,-1.245336914,5.336645508,7.060241699,-10.23254395,-6.622314453,,,
585,32.1994836,12.59262676,30,8.091699219,-1.298571777,5.373132324,11.92016602,-6.098937988,-7.060241699,,,
586,34.75016944,12.58379395,30,8.207739258,-0.92532959,5.16796875,3.140258789,-8.374023438,-4.528808594,,,
587,33.22911825,12.56614851,30,8.199963379,-1.227392578,5.675793457,7.263183594,-3.706359863,-2.606201172,,,
588,31.825071,12.59262676,30,7.86739502,-1.418798828,6.102868652,8.395385742,-6.536865234,-5.180358887,,,
589,33.36952298,12.6103126,30,7.671801758,-1.28840332,6.018530273,4.977416992,-9.645080566,-6.002807617,,,
590,29.7658017,12.58379395,30,7.797412109,-1.573120117,6.002978516,5.415344238,-7.220458984,-4.96673584,,,
591,26.81730248,12.59262676,30,7.660437012,-1.071276855,6.193188477,13.57574463,-10.11505127,-8.406066895,,,
592,29.43819068,12.61916563,30,7.946948242,-0.760241699,5.93359375,-1.976013184,-9.175109863,-4.667663574,,,
593,28.17454815,12.6103126,30,7.716064453,-0.501245117,5.80559082,14.87884521,-5.490112305,-7.530212402,,,
594,27.58952846,12.62802541,30,7.915844727,-0.285314941,5.621960449,-2.221679688,-0.106811523,-5.639648438,,,
595,33.67373321,12.61916563,30,7.460058594,-1.343432617,6.262573242,13.94958496,-6.942749023,-7.113647461,,,
596,35.35858991,12.62802541,30,7.521069336,-0.987536621,6.213525391,1.602172852,-4.325866699,-6.675720215,,,
597,34.58636393,12.61916563,30,7.94934082,-0.915161133,6.016137695,19.57855225,-10.16845703,-4.315185547,,,
598,31.40385683,12.6103126,30,7.830310059,-0.575415039,6.134570313,3.396606445,-7.765197754,-4.507446289,,,
599,35.70960173,12.63689195,30,7.722644043,-0.501245117,6.272741699,5.714416504,-7.562255859,-4.795837402,,,
600,30.58482926,12.61916563,30,7.887133789,-0.941479492,5.788244629,2.349853516,-7.530212402,-3.546142578,,,
601,33.83753873,12.62802541,30,7.875769043,-0.869702148,5.672802734,6.622314453,-6.846618652,-2.937316895,,,
602,33.81413794,12.61916563,30,8.156896973,-1.388891602,5.910266113,-17.34619141,-2.584838867,3.05480957,,,
603,34.75016944,12.62802541,30,7.358374023,-1.771105957,6.294274902,5.361938477,-2.275085449,-3.952026367,,,
604,35.14798283,12.64576525,30,7.140649414,-1.858435059,6.545495605,13.25531006,-7.19909668,-8.811950684,,,
605,29.34458753,12.66353215,30,7.480993652,-1.332067871,6.295471191,-0.106811523,-9.826660156,-6.69708252,,,
606,34.86717338,12.64576525,30,6.652563477,-1.631140137,7.214819336,7.145690918,-1.174926758,-2.178955078,,,
607,30.95924186,12.64576525,30,6.433044434,-1.317114258,7.117321777,4.60357666,-8.38470459,-5.126953125,,,
608,35.0075781,12.64576525,30,7.430151367,-1.132287598,6.146533203,2.584838867,-3.161621094,-9.356689453,,,
609,35.80320488,12.64576525,30,6.983337402,-2.215527344,6.67947998,5.735778809,20.5078125,3.044128418,,,
610,39.07931513,12.64576525,30,6.29666748,-2.146740723,7.628735352,6.173706055,-1.495361328,-6.066894531,,,
611,39.54733088,12.65464532,30,6.022119141,-1.702319336,7.608398438,7.369995117,-5.757141113,-5.949401855,,,
612,37.27745449,12.66353215,30,5.963500977,-1.597045898,7.729821777,8.128356934,-6.739807129,-5.543518066,,,
613,38.21348599,12.65464532,30,5.91385498,-1.715478516,7.867993164,5.191040039,-6.195068359,-5.757141113,,,
614,35.33518913,12.66353215,30,5.834301758,-1.708300781,7.722644043,5.628967285,-6.750488281,-5.532836914,,,
615,35.9436096,12.67242577,30,5.935986328,-1.879370117,7.638305664,2.862548828,-6.69708252,-4.197692871,,,
616,34.49276078,12.69023334,30,6.127990723,-2.171264648,7.503723145,4.486083984,-4.518127441,-3.631591797,,,
617,33.79073715,12.68132616,30,6.110644531,-1.678393555,7.605407715,4.870605469,-8.106994629,-4.827880859,,,
618,30.30401981,12.66353215,30,6.639404297,-1.656860352,7.266259766,4.197692871,-9.06829834,-3.749084473,,,
619,29.71900013,12.67242577,30,6.598730469,-1.714282227,7.157995605,7.284545898,-6.942749023,-5.522155762,,,
620,35.3819907,12.69023334,30,6.238049316,-1.457080078,7.307531738,9.292602539,-4.731750488,-2.243041992,,,
621,27.8937387,12.68132616,30,6.32956543,-1.764526367,7.769299316,-14.29138184,-12.58239746,2.040100098,,,
622,30.8890395,12.65464532,30,6.67947998,-1.574316406,7.106555176,1.388549805,-7.284545898,-5.78918457,,,
623,28.2681513,12.68132616,30,6.710583496,-1.643103027,7.142443848,4.528808594,-7.327270508,-5.361938477,,,
624,28.50215918,12.67242577,30,6.704602051,-1.729833984,7.04375,2.381896973,-5.223083496,-3.78112793,,,
625,32.50369384,12.67242577,30,6.506018066,-2.854345703,6.890026855,-20.32623291,-0.213623047,-3.930664063,,,
626,35.24158598,12.69023334,30,5.99161377,-2.965600586,7.463647461,11.94152832,7.51953125,0.395202637,,,
627,32.62069778,12.71699566,30,5.433544922,-2.467346191,7.863208008,6.141662598,-6.002807617,-6.184387207,,,
628,31.70806706,12.69023334,30,5.388085938,-2.368652344,7.976257324,5.14831543,0.736999512,-3.78112793,,,
629,35.49899464,12.69914732,30,5.194885254,-2.415905762,7.620361328,14.63317871,9.815979004,14.98565674,,,
630,33.15891589,12.69914732,30,4.179833984,-2.488879395,8.827416992,-0.021362305,-16.52374268,-15.2633667,,,
631,31.56766234,12.69914732,30,4.183422852,-2.286706543,8.677282715,1.879882813,-5.714416504,-7.818603516,,,
632,29.99980958,12.71699566,30,4.000390625,-2.667126465,8.583972168,2.809143066,-7.70111084,-7.412719727,,,
633,33.81413794,12.70806809,30,4.047045898,-2.414111328,8.700012207,9.378051758,-2.990722656,-6.002807617,,,
634,28.31495288,12.70806809,30,4.19777832,-2.707202148,8.424267578,-0.630187988,5.596923828,2.798461914,,,
635,24.8984379,12.71699566,30,3.479406738,-3.200073242,8.81126709,2.510070801,-7.102966309,-6.323242188,,,
,,,,,,,,,,,,