seconds,force (gF),temp (C),motor (%),accel_x (m/s^2),accel_y (m/s^2),accel_z (m/s^2),gyro_thx (deg/sec),gyro_thy (deg/sec),gyro_thz (deg/sec)
0,12.870433125,8.675290080716024,31,-0.3385498046875,3.9609130859375004,-8.595935058593751,-15.77606201171875,-36.02752685546875,-11.36474609375
0.08333333333333333,14.742496125,8.681142601204943,31,-0.7309326171875,3.6259521484375004,-8.58875732421875,1.324462890625,-10.6170654296875,-10.88409423828125
0.16666666666666666,15.772130774999999,8.675290080716024,31,-0.48090820312500004,3.7479736328125,-8.98114013671875,12.774658203125,-11.46087646484375,-4.64630126953125
0.25,17.8548008625,8.669442019458998,31,-0.57421875,4.4729248046875005,-7.50791015625,25.11138916015625,-1.93328857421875,-3.94134521484375
0.3333333333333333,27.2619174375,8.669442019458998,31,-0.15252685546875,2.2920898437500004,-9.706689453125001,75.82550048828125,18.40362548828125,7.35931396484375
0.4166666666666667,31.4506584,8.681142601204943,31,0.39776611328125006,1.7884521484375002,-9.98841552734375,49.59259033203125,15.02838134765625,-0.69427490234375
0.5,32.3632891125,8.692861033481975,31,0.3840087890625,1.8243408203125002,-9.5667236328125,39.4134521484375,36.8499755859375,24.4384765625
0.5833333333333334,32.316487537499995,8.669442019458998,31,1.04376220703125,1.50732421875,-9.57330322265625,33.58154296875,13.4368896484375,21.41571044921875
0.6666666666666666,29.250984374999998,8.686999584325987,31,2.5223754882812504,2.11204833984375,-10.8515380859375,26.104736328125,11.8560791015625,7.50885009765625
0.75,24.921838687499996,8.698726952078328,31,0.0370849609375,1.8883422851562501,-9.587060546875001,-41.9342041015625,-11.962890625,-22.8363037109375
0.8333333333333334,26.091878062499998,8.692861033481975,31,1.1484375,1.6724121093750002,-9.12708740234375,-32.12890625,9.8480224609375,9.8052978515625
0.9166666666666666,26.302485149999995,8.704597343523055,31,1.2543090820312501,1.9296142578125002,-9.38309326171875,-18.2861328125,-3.6956787109375,-8.0322265625
1,25.670663887499998,8.71047221122677,31,1.007275390625,1.94337158203125,-9.008056640625,-15.594482421875,-23.55194091796875,-20.83892822265625
1.0833333333333333,24.383620574999995,8.692861033481975,31,0.16448974609375,2.49306640625,-9.3489990234375,-8.53424072265625,-9.7198486328125,-15.09246826171875
1.1666666666666667,22.605160725,8.698726952078328,31,0.6854736328125001,2.5827880859375,-8.88663330078125,0.7049560546875,17.59185791015625,-1.1322021484375
1.25,20.6628953625,8.722235389066618,31,1.6401123046875001,1.98524169921875,-9.56253662109375,25.0152587890625,-2.95867919921875,4.60357666015625
1.3333333333333333,18.510022912500002,8.698726952078328,31,0.562255859375,2.32977294921875,-9.539208984375001,7.7545166015625,-30.43060302734375,-14.81475830078125
1.4166666666666667,17.667594562499996,8.722235389066618,31,0.428271484375,2.32259521484375,-9.29337158203125,5.3192138671875,-39.42413330078125,-4.6783447265625
1.5,16.052940225,8.71047221122677,31,0.03050537109375,1.77828369140625,-9.739587402343751,14.27001953125,26.05133056640625,-5.7464599609375
1.5833333333333333,13.455452812499997,8.722235389066618,31,0.16448974609375,1.5653442382812501,-9.7700927734375,-2.70233154296875,-36.54022216796875,-6.195068359375
1.6666666666666667,9.219910275,8.716351558602687,31,-3.4058349609375003,2.5355346679687503,-8.138354492187501,-5.77850341796875,-32.26776123046875,28.411865234375
1.75,10.015537049999997,8.722235389066618,60,1.24952392578125,-3.33046875,-7.9840332031250005,-20.42236328125,-329.449462890625,76.38092041015625
1.8333333333333333,12.145008712499997,8.728123706036985,60,-1.83809814453125,4.69603271484375,-8.902783203125,-14.81475830078125,14.60113525390625,12.7105712890625
1.9166666666666667,23.7517993125,8.722235389066618,60,-3.27244873046875,2.0396728515625,-7.5982299804687505,-29.9072265625,108.33892822265625,-28.52935791015625
2,24.9686402625,8.734016512934815,60,-3.4489013671875,2.42427978515625,-8.47989501953125,24.7802734375,-3.0120849609375,-54.2816162109375
2.0833333333333335,23.517791437499998,8.716351558602687,60,-2.0259155273437504,3.02840576171875,-8.716162109375,27.5787353515625,28.9459228515625,-0.20294189453125
2.1666666666666665,22.792367025,8.728123706036985,60,-1.8105834960937501,2.74010009765625,-8.438623046875001,-4.6142578125,18.8629150390625,14.57977294921875
2.25,22.230748124999998,8.739913813183744,60,-1.35718994140625,2.92373046875,-7.1550048828125,4.229736328125,22.900390625,16.05377197265625
2.3333333333333335,24.43042215,8.734016512934815,60,-0.26557617187500004,3.0200317382812503,-9.590051269531251,29.70428466796875,44.476318359375,8.76922607421875
2.4166666666666665,25.015441837499996,8.739913813183744,60,0.44801025390625004,1.9481567382812501,-7.74058837890625,19.02313232421875,50.83160400390625,-10.6170654296875
2.5,24.102811125,8.75763270831263,60,1.01864013671875,0.9785644531250001,-10.103259277343751,66.4581298828125,48.62060546875,-16.107177734375
2.5833333333333335,24.992041049999994,8.734016512934815,60,1.02821044921875,0.5658447265625001,-10.1349609375,70.91217041015625,-18.51043701171875,-14.1632080078125
2.6666666666666665,22.3477520625,8.75763270831263,60,-0.8978149414062501,0.39716796875000004,-10.023706054687501,41.51763916015625,26.8524169921875,-12.46490478515625
2.75,19.563058350000002,8.75763270831263,60,2.3519042968750004,-0.1040771484375,-9.62235107421875,15.765380859375,55.42449951171875,37.4908447265625
2.8333333333333335,13.689460687499995,8.75763270831263,60,2.8764770507812503,-0.5718261718750001,-9.90826416015625,6.451416015625,64.09759521484375,22.64404296875
2.9166666666666665,9.781529175,8.76354801625454,60,3.222802734375,0.8529541015625001,-8.71317138671875,-40.21453857421875,23.66943359375,-35.13031005859375
3,10.460152012499998,8.769467834704919,60,5.33843994140625,1.3799194335937501,-8.601318359375,-45.79010009765625,-37.43743896484375,-23.8616943359375
3.0833333333333335,9.407116574999998,8.751721907442485,60,1.0210327148437501,1.26746826171875,-9.301745605468751,-40.9515380859375,-35.7818603515625,-34.86328125
3.1666666666666665,9.4773189375,8.7753921671031,60,2.524169921875,1.1316894531250001,-9.129479980468751,-29.55474853515625,-31.49871826171875,-16.5985107421875
3.25,10.647358312499998,8.7753921671031,60,1.1705688476562501,2.2005737304687503,-8.739489746093751,-21.99249267578125,-49.82757568359375,-34.5855712890625
3.3333333333333335,11.957802412499998,8.7753921671031,60,1.3859008789062501,2.0947021484375004,-9.44769287109375,-23.29559326171875,-10.94818115234375,-14.96429443359375
3.4166666666666665,14.555289825000001,8.787254387513286,60,0.9857421875000001,2.58099365234375,-8.527148437500001,-32.342529296875,-12.0697021484375,-11.5142822265625
3.5,16.450753612499998,8.787254387513286,60,0.9929199218750001,2.7287353515625004,-9.57330322265625,-10.5316162109375,-25.55999755859375,6.26983642578125
3.5833333333333335,16.778364637499998,8.787254387513286,60,1.00189208984375,3.2096435546875,-8.8465576171875,-4.6783447265625,-18.61724853515625,14.32342529296875
3.6666666666666665,20.194879612499996,8.799134705052214,60,0.63642578125,3.2868041992187504,-8.592944335937501,-1.89056396484375,-12.25128173828125,-3.87725830078125
3.75,24.477223724999995,8.78132101689103,60,0.78177490234375,2.928515625,-9.153405761718751,7.2418212890625,-14.19525146484375,-4.53948974609375
3.8333333333333335,26.864104049999998,8.799134705052214,60,0.8691040039062501,3.0128540039062504,-8.875268554687501,-1.05743408203125,16.064453125,0.0213623046875
3.9166666666666665,31.8016702125,8.787254387513286,60,1.7764892578125002,3.5260620117187504,-7.682568359375001,29.6722412109375,56.70623779296875,8.19244384765625
4,35.709601725,8.78132101689103,60,1.8458740234375002,2.48887939453125,-9.0618896484375,48.7060546875,5.853271484375,5.9814453125
4.083333333333333,37.30085527499999,8.799134705052214,60,1.27584228515625,1.6006347656250002,-8.417687988281251,43.1304931640625,-0.42724609375,22.03521728515625
4.166666666666667,37.90927575,8.811033147329052,60,2.1545166015625004,1.1286987304687501,-9.099572753906251,56.00128173828125,2.392578125,32.769775390625
4.25,37.34765684999999,8.83488451674382,60,1.83570556640625,0.22908935546875,-10.5572509765625,32.18231201171875,-26.4892578125,0.0213623046875
4.333333333333333,34.8437725875,8.822949741995096,60,1.6616455078125,0.18721923828125,-10.584765625000001,28.70025634765625,-35.30120849609375,-4.32586669921875
4.416666666666667,32.059078875,8.805081658871178,60,1.1197265625000001,0.21533203125000003,-10.253991699218751,12.8814697265625,-15.51971435546875,6.4727783203125
4.5,28.946774137499997,8.811033147329052,60,2.533740234375,0.08134765625000001,-10.6649169921875,8.3953857421875,3.06549072265625,20.13397216796875
4.583333333333333,26.2790843625,8.822949741995096,60,1.3410400390625001,0.20157470703125002,-10.094287109375001,-12.347412109375,12.27264404296875,-3.72772216796875
4.666666666666667,24.4538229375,8.828914855126632,60,1.67958984375,0.7123901367187501,-9.283801269531251,-24.52392578125,9.45281982421875,-0.5126953125
4.75,23.11997805,8.83488451674382,60,1.9690917968750001,-0.025720214843750002,-10.032678222656251,-22.61199951171875,-12.95623779296875,-8.074951171875
4.833333333333333,15.350916600000001,8.828914855126632,60,2.05821533203125,1.55697021484375,-9.78385009765625,-32.84454345703125,-13.27667236328125,-10.0830078125
4.916666666666667,12.63642525,8.83488451674382,60,1.21363525390625,1.447509765625,-9.21441650390625,-32.1929931640625,-4.8919677734375,-13.38348388671875
5,10.202743349999999,8.83488451674382,60,1.7740966796875002,1.7136840820312502,-10.2127197265625,-18.670654296875,-11.492919921875,2.21099853515625
5.083333333333333,9.313513425,8.846837499310949,60,0.68487548828125,2.2364624023437503,-8.64139404296875,-42.7032470703125,-11.1297607421875,-21.24481201171875
5.166666666666667,9.5709220875,8.828914855126632,60,1.3195068359375002,2.53314208984375,-9.2532958984375,-9.7625732421875,-0.299072265625,1.96533203125
5.25,9.4305173625,8.84085873031495,60,1.8787719726562502,2.7795776367187504,-9.23953857421875,2.64892578125,2.947998046875,-1.0467529296875
5.333333333333333,9.056104762499999,8.828914855126632,60,1.4427246093750001,2.8531494140625,-9.003271484375,-18.7774658203125,23.72283935546875,-22.67608642578125
5.416666666666667,9.243311062499998,8.852820827205399,60,1.69813232421875,3.2042602539062504,-9.26824951171875,-11.26861572265625,-0.56610107421875,-8.12835693359375
5.5,9.64112445,8.828914855126632,60,1.6616455078125,3.5182861328125004,-8.557055664062501,-10.05096435546875,-18.6279296875,-12.10174560546875
5.583333333333333,10.811163824999998,8.852820827205399,60,0.428271484375,2.9464599609375,-8.268151855468751,-15.29541015625,-26.39312744140625,-30.83648681640625
5.666666666666667,11.887600049999998,8.852820827205399,60,0.7692138671875001,3.72105712890625,-8.88065185546875,-3.49273681640625,-18.927001953125,-12.82806396484375
5.75,12.308814224999997,8.864801173597204,60,0.9277221679687501,3.33944091796875,-9.658837890625001,3.81317138671875,-36.9781494140625,-3.802490234375
5.833333333333333,12.308814224999997,8.864801173597204,60,0.23925781250000003,3.76412353515625,-8.58756103515625,-6.707763671875,-33.0902099609375,-14.17388916015625
5.916666666666667,12.121607924999996,8.858808717474524,60,0.3002685546875,3.7007202148437504,-8.62823486328125,-5.6396484375,-12.73193359375,-9.31396484375
6,11.770596112499996,8.858808717474524,60,0.05981445312500001,3.1366699218750003,-9.61038818359375,23.8616943359375,-31.02874755859375,-3.23638916015625
6.083333333333333,10.670759099999998,8.858808717474524,60,-1.1705688476562501,3.1833251953125004,-8.419482421875001,5.938720703125,-13.201904296875,2.5634765625
6.166666666666667,8.868898462499999,8.88280597191513,60,-0.26497802734375003,3.4686401367187503,-8.585168457031251,62.80517578125,-45.88623046875,30.419921875
6.25,7.464851212499999,8.88280597191513,60,-0.048449707031250004,2.260986328125,-10.551867675781251,80.52520751953125,-24.76959228515625,16.90826416015625
6.333333333333333,6.482018137499998,8.852820827205399,60,-0.80869140625,1.6311401367187501,-10.17862548828125,30.60150146484375,6.707763671875,-14.35546875
6.416666666666667,5.967200812499999,8.870798199054967,60,-0.36845703125,1.9870361328125001,-10.12000732421875,1.91192626953125,16.90826416015625,-6.71844482421875
6.5,6.1076055375,8.88280597191513,60,0.62745361328125,2.1676757812500003,-10.0308837890625,-19.696044921875,20.8282470703125,-17.7093505859375
6.583333333333333,9.290112637499998,8.870798199054967,60,0.1244140625,2.49605712890625,-9.27423095703125,-58.45794677734375,47.86224365234375,-56.72760009765625
6.666666666666667,14.648892975,8.894832063960393,60,-0.21114501953125,3.1911010742187504,-8.94525146484375,-60.4766845703125,17.816162109375,-42.58575439453125
6.75,17.7611977125,8.888816726293879,60,-0.1949951171875,2.7981201171875,-7.494152832031251,-15.66925048828125,-9.4635009765625,-2.53143310546875
6.833333333333333,19.6332607125,8.894832063960393,60,0.27335205078125,2.4416259765625004,-8.14613037109375,62.078857421875,6.09893798828125,36.5936279296875
6.916666666666667,20.077875675,8.900851988409503,60,0.7632324218750001,1.7896484375000001,-9.64149169921875,73.77471923828125,-19.1192626953125,19.89898681640625
7,21.0373079625,8.906876503138694,60,-0.07536621093750001,1.2525146484375,-8.727526855468751,40.51361083984375,-12.860107421875,1.751708984375
7.083333333333333,21.247915049999996,8.918939317440614,60,0.87867431640625,1.0533325195312502,-9.436328125000001,35.162353515625,-8.96148681640625,14.19525146484375
7.166666666666667,21.43512135,8.894832063960393,60,0.5825927734375,0.66334228515625,-9.433935546875,11.834716796875,2.29644775390625,2.55279541015625
7.25,21.6457284375,8.912905611648124,60,0.40494384765625,0.6956420898437501,-9.2796142578125,4.68902587890625,6.09893798828125,-1.76239013671875
7.333333333333333,20.990506387499998,8.894832063960393,60,1.0054809570312502,0.42707519531250004,-10.11402587890625,6.22711181640625,8.9508056640625,0.42724609375
7.416666666666667,17.7143961375,8.900851988409503,60,0.8338134765625,0.44322509765625,-10.1935791015625,-3.033447265625,8.1817626953125,-4.51812744140625
7.5,11.864199262499996,8.924977624021661,60,1.4427246093750001,0.79373779296875,-10.97296142578125,-18.78814697265625,10.32867431640625,1.2603759765625
7.583333333333333,10.553755162499998,8.937068053584774,60,1.3589843750000001,0.9576293945312501,-9.346606445312501,-43.88885498046875,19.2047119140625,6.16302490234375
7.666666666666667,10.062338624999997,8.924977624021661,60,2.52716064453125,1.0144531250000002,-9.685754394531251,-10.62774658203125,10.17913818359375,12.6678466796875
7.75,8.33068035,8.924977624021661,60,1.12152099609375,1.81417236328125,-9.5045166015625,-28.02734375,2.29644775390625,-31.15692138671875
7.833333333333333,7.792462237499998,8.943120183591205,60,2.14434814453125,1.677197265625,-9.49853515625,-20.1446533203125,4.78515625,-1.580810546875
7.916666666666667,7.745660662499998,8.924977624021661,60,1.3859008789062501,2.6091064453125004,-8.6264404296875,-19.68536376953125,-0.37384033203125,-19.90966796875
8,7.8626646,8.95523829163481,60,1.30096435546875,2.6312377929687503,-8.398547363281251,-14.23797607421875,-9.356689453125,-22.33428955078125
8.083333333333334,8.026470112499998,8.943120183591205,60,2.1640869140625,2.739501953125,-9.49554443359375,-9.94415283203125,-10.980224609375,-11.99493408203125
8.166666666666666,8.471085075,8.949176928434923,60,1.8572387695312502,2.70062255859375,-9.43812255859375,-13.58642578125,-11.65313720703125,-16.13922119140625
8.25,9.360314999999998,8.943120183591205,60,1.30574951171875,3.2897949218750004,-9.34122314453125,-17.6239013671875,-18.7347412109375,-25.1434326171875
8.333333333333334,9.360314999999998,8.943120183591205,60,0.5748168945312501,2.58099365234375,-8.23046875,-15.00701904296875,-22.3663330078125,-18.2861328125
8.416666666666666,12.191810287500001,8.95523829163481,60,1.2728515625,2.720361328125,-9.490161132812501,5.6610107421875,-10.552978515625,-0.11749267578125
8.5,12.145008712499997,8.961304276712433,60,0.8882446289062501,3.1067626953125003,-9.24073486328125,0.982666015625,-1.07879638671875,0.48065185546875
8.583333333333334,10.8813661875,8.967374887192033,60,0.8051025390625001,3.15880126953125,-8.37342529296875,1.922607421875,8.8653564453125,3.8665771484375
8.666666666666666,10.436751224999998,8.967374887192033,60,1.30335693359375,3.2927856445312504,-8.113232421875,4.02679443359375,15.84014892578125,8.203125
8.75,11.466385874999999,8.949176928434923,60,1.7705078125000002,3.5140991210937504,-8.6144775390625,26.49993896484375,0.299072265625,9.7198486328125
8.833333333333334,17.9718048,8.949176928434923,60,2.02471923828125,1.8273315429687502,-9.7868408203125,56.9732666015625,-9.62371826171875,17.35687255859375
8.916666666666666,22.394553637499996,8.95523829163481,60,1.96669921875,1.97327880859375,-9.6432861328125,43.621826171875,-2.264404296875,13.23394775390625
9,25.4834575875,8.95523829163481,60,2.2364624023437503,1.30335693359375,-9.790429687500001,24.83367919921875,-3.47137451171875,5.79986572265625
9.083333333333334,25.998274912499998,8.973450126600554,60,1.7172729492187502,1.3829101562500001,-9.1336669921875,25.762939453125,-4.04815673828125,9.04693603515625
9.166666666666666,25.881270974999996,8.979529998467621,60,2.5881713867187504,1.18731689453125,-9.53861083984375,25.51727294921875,-2.74505615234375,12.5396728515625
9.25,24.641029237499996,8.973450126600554,60,1.6616455078125,1.0682861328125002,-9.1396484375,11.065673828125,-3.887939453125,-6.964111328125
9.333333333333334,24.43042215,8.961304276712433,60,2.1886108398437503,1.08563232421875,-9.2724365234375,13.55438232421875,-6.41937255859375,4.87060546875
9.416666666666666,23.962406399999995,8.985614506325547,60,2.1694702148437504,0.8948242187500001,-9.265856933593751,6.07757568359375,-2.89459228515625,-1.16424560546875
9.5,22.979573324999997,8.979529998467621,60,1.92183837890625,0.9301147460937501,-9.132470703125001,-0.05340576171875,-1.5594482421875,-6.86798095703125
9.583333333333334,21.1309111125,8.985614506325547,60,3.4213867187500004,0.36187744140625,-10.663720703125001,-0.6195068359375,2.14691162109375,6.964111328125
9.666666666666666,15.25731345,8.979529998467621,60,2.4870849609375,0.5239746093750001,-9.905871582031251,-21.0845947265625,4.02679443359375,-16.35284423828125
9.75,11.770596112499996,8.979529998467621,60,2.2669677734375,1.2303833007812501,-9.65704345703125,-20.00579833984375,-1.0040283203125,-18.2647705078125
9.833333333333334,10.038937837499999,8.967374887192033,60,2.4033447265625,1.2931884765625001,-9.8155517578125,-11.1724853515625,-7.97882080078125,-17.48504638671875
9.916666666666666,9.26671185,8.997797444156722,60,1.9954101562500002,1.8572387695312502,-9.71087646484375,-13.93890380859375,-18.243408203125,-25.77362060546875
10,8.892299249999999,9.003895881208079,60,1.8901367187500002,2.1246093750000004,-9.344812011718751,-13.2232666015625,-2.3712158203125,-18.57452392578125
10.083333333333334,8.845497674999999,8.997797444156722,60,1.811181640625,2.509814453125,-9.44171142578125,-23.70147705078125,-0.1068115234375,-15.9149169921875
10.166666666666666,9.26671185,8.985614506325547,60,2.10726318359375,2.6892578125,-8.99549560546875,-14.08843994140625,-3.289794921875,-4.9346923828125
10.25,9.711326812499998,8.991703653709346,60,1.9260253906250002,2.83101806640625,-8.79691162109375,-10.9375,-16.363525390625,-10.4034423828125
10.333333333333334,10.132540987499999,9.003895881208079,60,1.6867675781250002,2.63243408203125,-9.34720458984375,-15.0390625,-22.64404296875,-14.09912109375
10.416666666666666,10.811163824999998,9.022219107430585,60,1.3165161132812502,2.8148681640625,-9.532031250000001,-7.82928466796875,-36.47613525390625,-16.56646728515625
10.5,11.676992962499996,9.016106709297853,60,0.49885253906250004,3.2060546875000004,-9.0762451171875,-10.0616455078125,-19.2901611328125,-16.50238037109375
10.583333333333334,12.987437062499996,9.028336166355928,60,0.7046142578125001,3.036181640625,-8.720947265625,-4.998779296875,-24.21417236328125,-9.7412109375
10.666666666666666,15.631726050000001,9.028336166355928,60,1.01026611328125,3.1223144531250004,-9.5523681640625,2.27508544921875,1.11083984375,-6.84661865234375
10.75,18.3228166125,9.016106709297853,60,0.6268554687500001,3.64150390625,-8.596533203125,7.97882080078125,27.16217041015625,-3.973388671875
10.833333333333334,22.464755999999998,9.00999896840652,60,1.9834472656250002,2.60970458984375,-9.772485351562501,27.78167724609375,13.72528076171875,18.5638427734375
10.916666666666666,26.0216757,9.016106709297853,60,1.09998779296875,2.9350952148437504,-8.063586425781251,22.05657958984375,8.87603759765625,10.7452392578125
11,30.397622962499998,9.00999896840652,60,2.5086181640625003,2.09410400390625,-9.20963134765625,39.0716552734375,-6.793212890625,30.34515380859375
11.083333333333334,31.2634521,9.040584280802852,60,1.72803955078125,2.0318969726562504,-8.93568115234375,27.0233154296875,-9.0362548828125,17.84820556640625
11.166666666666666,31.310253674999995,9.00999896840652,60,1.3763305664062502,1.5850830078125002,-8.61268310546875,26.45721435546875,-5.50079345703125,13.12713623046875
11.25,29.438190674999998,9.016106709297853,60,1.9858398437500002,1.3021606445312501,-9.3872802734375,34.74578857421875,-11.236572265625,19.9737548828125
11.333333333333334,26.910905625,9.034457889627806,60,1.8518554687500002,0.7064086914062501,-9.835290527343751,15.12451171875,-3.118896484375,3.57818603515625
11.416666666666666,26.325885937499997,9.034457889627806,60,1.8961181640625002,0.959423828125,-9.61158447265625,13.5650634765625,-4.18701171875,5.09490966796875
11.5,25.904671762499998,9.034457889627806,60,1.5773071289062501,0.81766357421875,-9.0977783203125,6.69708251953125,1.324462890625,-1.6021728515625
11.583333333333334,25.132445774999997,9.034457889627806,60,1.5910644531250002,0.8344116210937501,-8.663525390625,4.81719970703125,2.777099609375,2.8839111328125
11.666666666666666,23.962406399999995,9.040584280802852,60,1.8584350585937501,0.8230468750000001,-8.797509765625001,6.8359375,14.227294921875,14.38751220703125
11.75,22.6285615125,9.034457889627806,60,3.6187744140625004,0.6519775390625,-9.8634033203125,-8.3740234375,22.900390625,0.41656494140625
11.833333333333334,20.218280399999998,9.046715343440408,60,3.2999633789062504,0.8816650390625,-9.54339599609375,-13.4796142578125,18.98040771484375,-10.040283203125
11.916666666666666,15.397718174999998,9.06513659576231,60,3.514697265625,0.84876708984375,-9.78863525390625,-13.25531005859375,6.16302490234375,-16.71600341796875
12,13.38525045,9.06513659576231,60,3.3795166015625004,1.0120605468750001,-9.2891845703125,-18.33953857421875,4.6142578125,-29.21295166015625
12.083333333333334,12.566222887499997,9.058991497354004,60,3.5828857421875004,1.39068603515625,-9.29337158203125,-10.7452392578125,-6.8359375,-26.13677978515625
12.166666666666666,10.8345646125,9.052851081102533,60,2.6665283203125,2.2364624023437503,-8.53253173828125,-20.1873779296875,-46.58050537109375,-29.72564697265625
12.25,10.2261441375,9.046715343440408,60,1.7974243164062502,2.47213134765625,-8.375817871093751,-26.22222900390625,-32.22503662109375,-32.6202392578125
12.333333333333334,10.4835528,9.06513659576231,60,2.5636474609375,2.35728759765625,-9.538012695312501,-11.26861572265625,-24.38507080078125,-10.49957275390625
12.416666666666666,10.623957525,9.06513659576231,60,1.7238525390625001,2.6318359375,-9.55177001953125,-17.6025390625,-27.48260498046875,-23.50921630859375
12.5,11.676992962499996,9.089763882408999,60,1.0443603515625002,3.3735351562500004,-8.17603759765625,-24.7802734375,-16.705322265625,-27.99530029296875
12.583333333333334,12.472619737499997,9.06513659576231,60,1.8668090820312502,3.33944091796875,-9.279016113281251,-17.25006103515625,-18.8201904296875,-14.9749755859375
12.666666666666666,13.876666987500002,9.077440853333005,60,0.9947143554687501,3.51170654296875,-8.790332031250001,-11.6424560546875,-15.19927978515625,-15.34881591796875
12.75,14.134075650000002,9.071286379897666,60,1.0503417968750002,3.5798950195312504,-9.242529296875,-1.95465087890625,-10.3179931640625,-1.495361328125
12.833333333333334,14.134075650000002,9.06513659576231,60,0.9109741210937501,3.521875,-8.302844238281251,-2.6275634765625,-12.29400634765625,-3.9520263671875
12.916666666666666,13.455452812499997,9.089763882408999,60,0.9378906250000001,3.5446044921875,-9.1719482421875,2.2430419921875,-11.52496337890625,-5.2337646484375
13,12.847032337499998,9.077440853333005,60,0.7524658203125001,3.6115966796875,-9.26346435546875,-1.0040283203125,-17.7947998046875,-1.922607421875
13.083333333333334,12.355615799999999,9.071286379897666,60,0.29368896484375,3.8077880859375,-8.2843017578125,-0.75836181640625,-16.69464111328125,-6.61163330078125
13.166666666666666,13.198044149999998,9.083600019643987,60,0.14833984375,3.7814697265625004,-7.9086669921875,14.21661376953125,-2.8411865234375,1.79443359375
13.25,17.082574875,9.089763882408999,60,1.1065673828125,2.0079711914062504,-9.93936767578125,78.61328125,-2.14691162109375,29.81109619140625
13.333333333333334,23.2135812,9.083600019643987,60,0.5658447265625001,2.6150878906250004,-8.695825195312501,44.38018798828125,24.59869384765625,16.0858154296875
13.416666666666666,28.946774137499997,9.083600019643987,60,2.3249877929687504,0.8708984375000001,-10.64517822265625,62.40997314453125,17.2607421875,37.18109130859375
13.5,29.157381224999998,9.102105711628305,60,1.3763305664062502,1.2423461914062501,-8.44400634765625,20.30487060546875,1.57012939453125,12.99896240234375
13.583333333333334,28.92337335,9.102105711628305,60,1.7944335937500002,1.1998779296875002,-9.18450927734375,31.2103271484375,4.64630126953125,24.4598388671875
13.666666666666666,27.42572295,9.089763882408999,60,2.34173583984375,0.9755737304687501,-9.529638671875,21.832275390625,-0.92926025390625,16.790771484375
13.75,25.553659949999997,9.108283685253019,60,2.9661987304687503,0.32000732421875,-9.8897216796875,22.27020263671875,12.22991943359375,7.61566162109375
13.833333333333334,23.1433788375,9.114466369672614,60,2.1951904296875,0.43664550781250006,-10.065576171875001,25.41046142578125,0.16021728515625,-5.45806884765625
13.916666666666666,20.592693,9.095932445209158,60,1.99122314453125,-0.01256103515625,-10.0452392578125,20.17669677734375,15.46630859375,-7.63702392578125
14,18.767431575,9.102105711628305,60,2.851953125,0.275146484375,-9.10675048828125,14.7186279296875,22.857666015625,13.4368896484375
14.083333333333334,16.2167457375,9.102105711628305,60,3.14384765625,-0.20157470703125002,-9.0499267578125,-1.27105712890625,10.9161376953125,-1.27105712890625
14.166666666666666,12.0046039875,9.089763882408999,60,3.0852294921875,0.03887939453125,-9.57569580078125,-9.17510986328125,2.70233154296875,-10.980224609375
14.25,9.290112637499998,9.139244287181892,60,3.33525390625,0.083740234375,-9.49674072265625,-19.2047119140625,-19.097900390625,-35.81390380859375
14.333333333333334,8.400882712499998,9.108283685253019,60,2.2292846679687504,1.0383789062500002,-8.9566162109375,-32.43865966796875,-29.4158935546875,-39.90478515625
14.416666666666666,7.535053574999998,9.114466369672614,60,2.4595703125000004,1.1687744140625,-9.164172363281251,-25.0579833984375,-29.7149658203125,-9.698486328125
14.5,7.043637037499998,9.114466369672614,60,2.337548828125,1.4959594726562502,-9.573901367187501,-14.44091796875,-29.522705078125,-14.7613525390625
14.583333333333334,6.9032323125,9.114466369672614,60,2.01873779296875,1.495361328125,-9.965087890625,-15.0390625,-29.30908203125,-18.3074951171875
14.666666666666666,7.043637037499998,9.114466369672614,60,1.0413696289062502,2.2783325195312503,-8.63660888671875,-16.8121337890625,-39.4561767578125,-18.2647705078125
14.75,7.441450424999998,9.145450579511447,60,1.2991699218750001,2.09051513671875,-9.307727050781251,-9.19647216796875,-22.24884033203125,-12.33673095703125
14.833333333333334,8.026470112499998,9.126845885267384,60,1.25789794921875,2.08214111328125,-9.30054931640625,-6.8572998046875,-25.677490234375,-7.4981689453125
14.916666666666666,8.541287437499998,9.126845885267384,60,0.916357421875,2.36446533203125,-9.877160644531251,-11.22589111328125,-9.65576171875,-11.7919921875
15,8.9157000375,9.126845885267384,60,0.53175048828125,2.84417724609375,-8.81964111328125,-11.86676025390625,11.50360107421875,-9.90142822265625
15.083333333333334,9.664525237499998,9.126845885267384,60,1.39547119140625,2.60252685546875,-9.41180419921875,-15.12451171875,30.078125,-5.45806884765625
15.166666666666666,10.600556737499998,9.145450579511447,60,1.2567016601562502,3.0648925781250003,-9.07205810546875,-31.54144287109375,35.63232421875,-8.55560302734375
15.25,11.513187449999997,9.151661604229307,60,1.6550659179687501,3.50692138671875,-8.147326660156251,-17.2821044921875,1.59149169921875,-3.2257080078125
15.333333333333334,12.63642525,9.145450579511447,60,1.03419189453125,3.3968627929687503,-8.3919677734375,12.87078857421875,-23.40240478515625,-4.52880859375
15.416666666666666,14.9063016375,9.17032310881163,60,1.94576416015625,2.7508666992187503,-9.313708496093751,57.58209228515625,-52.04925537109375,17.85888671875
15.5,19.165244962499997,9.139244287181892,60,0.18961181640625002,2.3411376953125003,-9.529638671875,37.811279296875,6.18438720703125,-2.5848388671875
15.583333333333334,22.558359149999998,9.164097865266758,60,2.8722900390625004,0.9510498046875001,-9.822131347656251,48.11859130859375,-0.1495361328125,24.64141845703125
15.666666666666666,22.6285615125,9.157877364943989,60,1.1825317382812501,1.629345703125,-8.90338134765625,34.76715087890625,17.1966552734375,12.6678466796875
15.75,21.43512135,9.151661604229307,60,2.5343383789062504,0.8463745117187501,-10.01832275390625,26.86309814453125,32.99407958984375,10.41412353515625
15.833333333333334,20.218280399999998,9.164097865266758,60,2.8842529296875004,0.77998046875,-9.613977050781251,13.61846923828125,24.06463623046875,8.97216796875
15.916666666666666,18.4632213375,9.164097865266758,60,3.4961547851562504,0.66932373046875,-9.716259765625,5.52215576171875,17.1112060546875,9.527587890625
16,14.625492187499999,9.17655309919539,60,3.76292724609375,0.96241455078125,-9.636706542968751,-10.7879638671875,19.8883056640625,0.39520263671875
16.083333333333332,11.676992962499996,9.164097865266758,60,3.0726684570312504,0.9630126953125001,-9.37711181640625,-27.50396728515625,10.25390625,-20.6573486328125
16.166666666666668,10.296346499999999,9.182787840037564,60,3.09420166015625,1.6999267578125001,-9.23355712890625,-41.998291015625,0.77972412109375,-16.3421630859375
16.25,8.798696099999999,9.17655309919539,60,2.85494384765625,2.7083984375,-8.187402343750001,-56.0546875,-59.93194580078125,-26.57470703125
16.333333333333332,9.102906337499999,9.17032310881163,60,2.35369873046875,3.1671752929687504,-8.533129882812501,-35.34393310546875,-34.7137451171875,-23.72283935546875
16.416666666666668,9.5241205125,9.17032310881163,60,1.5737182617187502,3.23057861328125,-9.371728515625001,-7.10296630859375,-55.63812255859375,-14.62249755859375
16.5,10.109140199999997,9.182787840037564,60,1.0569213867187501,3.079248046875,-8.644384765625,-9.8052978515625,-47.7447509765625,-20.49713134765625
16.583333333333332,10.389949649999998,9.18902733496045,60,0.5000488281250001,3.7168701171875003,-8.409912109375,-2.13623046875,-41.41082763671875,-10.02960205078125
16.666666666666668,9.8985331125,9.182787840037564,60,0.49287109375000004,2.8782714843750004,-9.819140625000001,-0.5126953125,-34.5001220703125,-7.3272705078125
16.75,8.939100824999999,9.182787840037564,60,-0.404345703125,2.5995361328125,-8.21072998046875,-3.5888671875,-46.527099609375,-4.6783447265625
16.833333333333332,7.5584543625,9.18902733496045,60,-0.6735107421875001,4.136767578125,-8.387780761718751,15.79742431640625,-23.5626220703125,8.8226318359375
16.916666666666668,6.6692244375,9.207774380477753,60,0.08732910156250001,2.8555419921875003,-9.45606689453125,23.46649169921875,-0.67291259765625,7.82928466796875
17,6.388414987499998,9.18902733496045,60,-0.12680664062500002,3.02840576171875,-8.7460693359375,25.20751953125,27.78167724609375,1.409912109375
17.083333333333332,6.973434674999999,9.201520601551342,60,0.9008056640625001,4.01474609375,-8.73590087890625,28.02734375,22.61199951171875,-13.66119384765625
17.166666666666668,14.672293762499997,9.201520601551342,60,-0.28232421875,1.452294921875,-9.555957031250001,56.08673095703125,31.402587890625,-38.76190185546875
17.25,20.803300087499995,9.18902733496045,60,1.78486328125,0.45698242187500004,-9.910058593750001,36.17706298828125,3.64227294921875,1.29241943359375
17.333333333333332,20.522490637500002,9.18902733496045,60,1.1550170898437502,1.0742675781250002,-9.5715087890625,11.50360107421875,23.55194091796875,-0.1068115234375
17.416666666666668,21.013907175,9.18902733496045,60,1.7298339843750001,1.5910644531250002,-9.44410400390625,22.09930419921875,27.2796630859375,23.455810546875
17.5,20.68629615,9.214032928001691,60,1.5204833984375001,1.2776367187500002,-9.4590576171875,11.14044189453125,20.17669677734375,7.6904296875
17.583333333333332,20.733097724999997,9.214032928001691,60,2.0899169921875003,1.3948730468750001,-8.75504150390625,5.2764892578125,4.913330078125,4.7637939453125
17.666666666666668,20.545891424999997,9.220296247759283,60,1.81776123046875,0.9396850585937501,-9.04693603515625,2.14691162109375,-4.315185546875,-8.70513916015625
17.75,20.6628953625,9.226564343389423,60,1.9200439453125002,1.2118408203125002,-8.929101562500001,3.62091064453125,-9.5062255859375,-0.67291259765625
17.833333333333332,20.826700874999997,9.214032928001691,60,2.46734619140625,0.85355224609375,-9.098376464843751,4.9346923828125,-1.71966552734375,6.5155029296875
17.916666666666668,15.491321325,9.214032928001691,60,2.21373291015625,1.16817626953125,-9.85084228515625,-19.77081298828125,-2.264404296875,-14.23797607421875
18,12.1684095,9.214032928001691,60,1.02581787109375,1.0874267578125,-9.40283203125,-28.61480712890625,-46.8048095703125,-32.90863037109375
18.083333333333332,11.770596112499996,9.226564343389423,60,1.256103515625,1.95174560546875,-9.442309570312501,-10.07232666015625,-13.07373046875,0.20294189453125
18.166666666666668,9.6177236625,9.239114876836824,60,1.73043212890625,1.581494140625,-9.780859375,-7.818603515625,-2.4993896484375,-0.5126953125
18.25,7.394648849999998,9.232837218533788,60,1.2752441406250001,2.8974121093750003,-9.18570556640625,-20.7427978515625,-15.765380859375,-10.86273193359375
18.333333333333332,7.137240187499998,9.207774380477753,60,1.2985717773437502,2.2430419921875,-8.883642578125,-32.05413818359375,-20.6787109375,-6.622314453125
18.416666666666668,6.411815774999999,9.226564343389423,60,1.332666015625,2.9721801757812503,-9.654052734375,-13.46893310546875,-48.99444580078125,-6.97479248046875
18.5,6.505418925,9.239114876836824,60,0.34333496093750004,2.9602172851562503,-9.31729736328125,-27.2369384765625,-7.10296630859375,-20.36895751953125
18.583333333333332,7.347847274999998,9.24539732194576,60,0.6794921875000001,3.23656005859375,-8.65634765625,-16.534423828125,0.58746337890625,-19.4610595703125
18.666666666666668,8.33068035,9.239114876836824,60,0.55029296875,3.3998535156250003,-8.973962402343751,-2.1148681640625,10.73455810546875,-21.063232421875
18.75,10.015537049999997,9.226564343389423,60,0.8816650390625,3.39925537109375,-8.866296386718751,7.904052734375,34.33990478515625,-19.2901611328125
18.833333333333332,12.332215012499999,9.226564343389423,60,0.7381103515625,3.3047485351562504,-9.021813964843751,17.97637939453125,41.998291015625,-6.93206787109375
18.916666666666668,15.093507937500002,9.239114876836824,60,1.8452758789062502,2.62286376953125,-8.903979492187501,23.82965087890625,1.324462890625,8.160400390625
19,16.450753612499998,9.270575043482442,60,2.1425537109375004,2.17904052734375,-9.38309326171875,17.78411865234375,4.7637939453125,3.2257080078125
19.083333333333332,16.56775755,9.257976587184148,60,2.03548583984375,2.3548950195312504,-9.1815185546875,25.13275146484375,-3.8665771484375,8.6944580078125
19.166666666666668,17.269781175,9.2516845575106,60,0.9965087890625001,2.3979614257812503,-8.189794921875,29.99267578125,-22.71881103515625,12.3046875
19.25,20.826700874999997,9.2516845575106,60,1.9589233398437502,1.1113525390625,-9.57449951171875,47.1466064453125,-6.3873291015625,27.03399658203125
19.333333333333332,24.196414275,9.24539732194576,60,1.25191650390625,0.9755737304687501,-9.4949462890625,24.310302734375,-0.5340576171875,6.22711181640625
19.416666666666668,26.208882,9.2516845575106,60,2.1545166015625004,0.708203125,-9.68037109375,34.4146728515625,36.32659912109375,31.41326904296875
19.5,26.232282787499997,9.2516845575106,60,2.7933349609375,0.24643554687500002,-8.74786376953125,18.4356689453125,43.37615966796875,17.33551025390625
19.583333333333332,25.8578701875,9.270575043482442,60,3.4602661132812504,0.14295654296875002,-9.89271240234375,10.45684814453125,18.06182861328125,0.45928955078125
19.666666666666668,25.530259162499995,9.27688147742671,60,3.47880859375,-0.15073242187500002,-9.30413818359375,3.15093994140625,8.34197998046875,-3.7384033203125
19.75,26.208882,9.270575043482442,60,3.8077880859375,-0.19559326171875002,-9.666613769531251,5.8746337890625,19.6319580078125,4.87060546875
19.833333333333332,26.583294599999995,9.257976587184148,60,4.2587890625,-0.2009765625,-9.6672119140625,7.4127197265625,20.2728271484375,3.5675048828125
19.916666666666668,23.1901804125,9.27688147742671,60,4.99749755859375,-0.18004150390625,-9.8586181640625,3.2257080078125,13.44757080078125,-12.61444091796875
20,15.116908724999996,9.270575043482442,60,4.03807373046875,-0.28950195312500004,-9.4447021484375,-14.483642578125,-0.0213623046875,-34.735107421875
20.083333333333332,12.472619737499997,9.289508775225222,60,3.4716308593750003,1.1759521484375002,-9.18092041015625,-32.1075439453125,-20.94573974609375,-32.1502685546875
20.166666666666668,10.155941774999999,9.27688147742671,60,4.4579711914062505,1.23397216796875,-9.28858642578125,-26.52130126953125,-54.8797607421875,-6.0882568359375
20.25,7.698859087499998,9.295829646415742,60,2.41650390625,1.7609375,-9.223986816406251,-37.77923583984375,-71.23260498046875,-28.1341552734375
20.333333333333332,7.347847274999998,9.283192720118723,60,1.8751831054687502,2.47332763671875,-8.226281738281251,-37.939453125,-43.18389892578125,-23.455810546875
20.416666666666668,6.926633099999999,9.283192720118723,60,1.9559326171875002,2.3519042968750004,-9.321484375,-20.037841796875,-47.4029541015625,-19.36492919921875
20.5,6.926633099999999,9.283192720118723,60,1.1490356445312502,2.6061157226562504,-9.33524169921875,-9.11102294921875,-33.9447021484375,-20.0592041015625
20.583333333333332,6.0140023875,9.302155337362617,60,1.6221679687500001,2.9829467773437504,-9.07923583984375,-3.77044677734375,-4.8492431640625,-4.96673583984375
20.666666666666668,5.943800025000001,9.283192720118723,60,1.2740478515625,2.5361328125,-9.22757568359375,-2.18963623046875,8.57696533203125,-9.08966064453125
20.75,5.873597662499999,9.283192720118723,60,1.44332275390625,3.3047485351562504,-9.015832519531251,-13.800048828125,8.83331298828125,-12.2406005859375
20.833333333333332,6.388414987499998,9.289508775225222,60,1.8213500976562502,3.2939819335937504,-9.40283203125,-1.4312744140625,-8.38470458984375,-4.8492431640625
20.916666666666668,6.599022075000001,9.283192720118723,60,1.53065185546875,3.3316650390625004,-9.14263916015625,0.8758544921875,-5.90667724609375,-11.834716796875
21,7.418049637499999,9.321161365506741,60,0.96719970703125,3.1366699218750003,-8.79212646484375,2.3712158203125,-10.3607177734375,-11.920166015625
21.083333333333332,8.494485862499998,9.302155337362617,60,0.9247314453125001,3.56553955078125,-9.04813232421875,-7.6263427734375,-24.7161865234375,-16.6839599609375
21.166666666666668,9.851731537499997,9.314821193228779,60,0.010168457031250001,3.4483032226562504,-8.28848876953125,-30.00335693359375,-37.35198974609375,-22.47314453125
21.25,11.185576424999999,9.289508775225222,60,0.5682373046875,3.3328613281250004,-8.909960937500001,-3.55682373046875,-6.31256103515625,-3.51409912109375
21.333333333333332,11.840798475,9.295829646415742,60,0.07297363281250001,3.7366088867187504,-8.416491699218751,16.5557861328125,-4.34722900390625,4.7210693359375
21.416666666666668,15.748729987499999,9.295829646415742,60,1.4217895507812501,4.10985107421875,-8.37342529296875,54.46319580078125,24.74822998046875,30.21697998046875
21.5,22.651962299999997,9.321161365506741,60,0.784765625,1.9559326171875002,-9.244921875000001,51.96380615234375,10.90545654296875,-0.726318359375
21.583333333333332,25.92807255,9.327506372258421,60,1.3386474609375,1.47322998046875,-9.71326904296875,32.6416015625,7.72247314453125,11.33270263671875
21.666666666666668,26.817302474999998,9.33385621717017,60,1.7190673828125,1.34462890625,-9.304736328125001,29.87518310546875,30.206298828125,33.25042724609375
21.75,26.630096175,9.321161365506741,60,2.76402587890625,1.2602905273437501,-9.10076904296875,31.54144287109375,31.70166015625,33.37860107421875
21.833333333333332,26.325885937499997,9.340210903931165,60,2.33934326171875,1.15621337890625,-8.61866455078125,11.663818359375,-0.03204345703125,-2.435302734375
21.916666666666668,26.302485149999995,9.33385621717017,60,2.9943115234375,0.7751953125000001,-9.476403808593751,4.69970703125,-2.05078125,5.0628662109375
22,26.489691449999995,9.327506372258421,60,3.0547241210937504,0.63223876953125,-9.6385009765625,9.30328369140625,5.30853271484375,5.37261962890625
22.083333333333332,25.132445774999997,9.327506372258421,60,2.33455810546875,0.8625244140625,-8.42127685546875,4.1015625,0.5340576171875,-8.38470458984375
22.166666666666668,23.892204037499997,9.346570436233376,60,3.4423217773437504,0.69683837890625,-9.613977050781251,6.6650390625,-0.65155029296875,-0.6622314453125
22.25,21.669129224999995,9.346570436233376,60,2.9225341796875,0.8015136718750001,-9.4159912109375,-0.384521484375,-4.64630126953125,-9.2926025390625
22.333333333333332,20.218280399999998,9.33385621717017,60,3.2389526367187504,0.69324951171875,-9.75274658203125,5.84259033203125,-12.18719482421875,-1.79443359375
22.416666666666668,15.1637103,9.346570436233376,60,1.9595214843750002,1.17236328125,-8.918933105468751,-7.5408935546875,-41.28265380859375,-26.5106201171875
22.5,11.513187449999997,9.352934817771608,60,2.0121582031250003,0.95045166015625,-9.034375,-21.61865234375,-57.4005126953125,-28.95660400390625
22.583333333333332,10.132540987499999,9.346570436233376,60,1.1113525390625,1.5049316406250002,-9.08521728515625,-23.66943359375,-47.125244140625,-30.13153076171875
22.666666666666668,9.1731087,9.340210903931165,60,1.2656738281250002,1.9738769531250002,-9.606799316406251,-13.58642578125,-23.44512939453125,-8.45947265625
22.75,8.2136764125,9.352934817771608,60,1.213037109375,2.009765625,-9.0439453125,-17.01507568359375,-5.77850341796875,-9.2926025390625
22.833333333333332,7.9796685374999985,9.37205709479263,60,1.3015625000000002,2.0205322265625,-8.8585205078125,-5.0628662109375,-0.01068115234375,-3.23638916015625
22.916666666666668,8.3072795625,9.36567814334939,60,2.1186279296875004,2.41351318359375,-9.889123535156251,-7.3486328125,14.85748291015625,-15.2740478515625
23,9.500719724999998,9.378440910279261,60,1.43494873046875,2.8064941406250004,-8.81605224609375,-18.65997314453125,9.99755859375,-16.5771484375
23.083333333333332,10.015537049999997,9.359304052243468,60,1.5139038085937502,3.09599609375,-8.86988525390625,-22.7935791015625,-6.80389404296875,-16.0003662109375
23.166666666666668,11.138774849999999,9.359304052243468,60,1.0718750000000001,2.892626953125,-9.344812011718751,-20.73211669921875,-45.10650634765625,-25.9979248046875
23.25,11.840798475,9.359304052243468,60,1.8787719726562502,3.08822021484375,-9.23056640625,14.013671875,-22.76153564453125,24.4171142578125
23.333333333333332,13.94686935,9.378440910279261,60,1.0180419921875001,2.7024169921875,-8.725732421875001,19.1619873046875,2.4139404296875,0.8544921875
23.416666666666668,16.4741544,9.36567814334939,60,1.5581665039062502,2.40155029296875,-9.669604492187501,54.730224609375,30.13153076171875,14.9322509765625
23.5,19.8672685875,9.37205709479263,60,1.58089599609375,2.1575073242187504,-9.12110595703125,29.9072265625,18.80950927734375,21.80023193359375
23.583333333333332,21.786133162499997,9.36567814334939,60,2.2442382812500004,1.23397216796875,-9.8346923828125,42.03033447265625,25.94451904296875,30.1422119140625
23.666666666666668,21.505323712499997,9.378440910279261,60,1.6556640625,1.18970947265625,-9.8705810546875,15.0604248046875,-10.43548583984375,-4.229736328125
23.75,20.49908985,9.36567814334939,60,1.5791015625000002,1.4415283203125,-8.831005859375,5.5328369140625,-7.50885009765625,-1.922607421875
23.833333333333332,20.311883549999997,9.391223148221158,60,2.3321655273437503,0.98634033203125,-9.365747070312501,5.7037353515625,-1.05743408203125,8.47015380859375
23.916666666666668,20.452288274999997,9.384829593518194,60,2.2442382812500004,0.93848876953125,-9.932788085937501,14.5050048828125,-0.4058837890625,1.5594482421875
24,20.49908985,9.391223148221158,60,1.6783935546875002,1.01026611328125,-8.90577392578125,9.17510986328125,-8.79058837890625,-9.28192138671875
24.083333333333332,20.7564985125,9.37205709479263,60,2.3196044921875,0.69683837890625,-9.56971435546875,5.03082275390625,-8.5235595703125,-6.365966796875
24.166666666666668,20.7564985125,9.378440910279261,60,2.0947021484375004,0.8045043945312501,-9.60321044921875,4.11224365234375,-9.45281982421875,-7.391357421875
24.25,18.5568244875,9.384829593518194,60,2.26158447265625,0.6125,-10.224084472656251,4.58221435546875,-8.4381103515625,-6.16302490234375
24.333333333333332,12.940635487499998,9.404024886880258,60,2.0229248046875004,0.73990478515625,-9.52186279296875,-12.08038330078125,-18.1793212890625,-13.75732421875
24.416666666666668,10.4835528,9.391223148221158,60,0.19320068359375,1.53663330078125,-8.71197509765625,-52.593994140625,-11.663818359375,-43.20526123046875
24.5,9.6177236625,9.391223148221158,60,1.35360107421875,1.2925903320312502,-9.8059814453125,-20.721435546875,3.7384033203125,10.6170654296875
24.583333333333332,7.5116527875,9.397621578102713,60,2.20416259765625,2.05941162109375,-9.261669921875,-27.044677734375,11.151123046875,-13.5009765625
24.666666666666668,6.973434674999999,9.404024886880258,60,1.34881591796875,2.85015869140625,-8.414697265625001,-15.79742431640625,-13.201904296875,-24.00054931640625
24.75,7.394648849999998,9.378440910279261,60,2.14793701171875,2.4033447265625,-9.55057373046875,-2.8411865234375,-11.58905029296875,-4.4647216796875
24.833333333333332,7.792462237499998,9.404024886880258,60,1.4600708007812502,3.1223144531250004,-8.683862304687501,-1.45263671875,-17.047119140625,-16.86553955078125
24.916666666666668,8.4242835,9.410433078274018,60,1.49775390625,2.53194580078125,-9.051123046875,10.75592041015625,-13.1378173828125,-2.55279541015625
25,9.032703974999999,9.397621578102713,60,2.021728515625,2.5157958984375,-9.410607910156251,2.7984619140625,-1.48468017578125,-5.340576171875
25.083333333333332,10.343148074999998,9.404024886880258,60,1.06768798828125,3.3107299804687504,-7.901489257812501,11.09771728515625,0.59814453125,-5.77850341796875
25.166666666666668,17.480388262499996,9.416846156007061,60,1.3769287109375001,1.1765502929687501,-9.474609375,51.18408203125,-5.169677734375,11.97357177734375
25.25,21.411720562499998,9.410433078274018,60,1.3936767578125,2.1186279296875004,-9.463244628906251,33.9447021484375,-2.89459228515625,7.38067626953125
25.333333333333332,21.7393315875,9.416846156007061,60,1.0156494140625,1.6975341796875,-8.749658203125001,-9.28192138671875,-1.708984375,-5.1483154296875
25.416666666666668,21.177712687499998,9.410433078274018,60,3.07027587890625,1.3577880859375,-10.05301513671875,16.60919189453125,-1.7730712890625,21.063232421875
25.5,17.9718048,9.404024886880258,60,1.6179809570312502,1.5019409179687502,-10.058398437500001,-9.45281982421875,-26.56402587890625,-23.712158203125
25.583333333333332,15.25731345,9.410433078274018,60,0.4318603515625,2.3219970703125004,-7.97984619140625,-24.395751953125,-0.90789794921875,-15.81878662109375
25.666666666666668,13.829865412499998,9.404024886880258,60,3.3651611328125,1.77828369140625,-9.8825439453125,3.076171875,9.7412109375,11.62109375
25.75,11.630191387499998,9.410433078274018,60,1.069482421875,2.53074951171875,-9.561938476562501,-25.1007080078125,-8.04290771484375,-33.966064453125
25.833333333333332,11.091973274999999,9.442547404892789,60,2.22509765625,2.7496704101562504,-9.3992431640625,-24.267578125,6.4300537109375,4.21905517578125
25.916666666666668,10.343148074999998,9.416846156007061,60,1.5623535156250001,2.6599487304687504,-8.284899902343751,-22.98583984375,1.20697021484375,-9.99755859375
26,9.126307124999999,9.423264123805291,60,2.37762451171875,2.9799560546875004,-9.473413085937501,-8.79058837890625,-20.90301513671875,-15.09246826171875
26.083333333333332,9.687926025,9.423264123805291,60,1.3458251953125,3.2054565429687503,-8.3943603515625,-11.78131103515625,-10.09368896484375,-18.76678466796875
26.166666666666668,10.296346499999999,9.404024886880258,60,2.332763671875,2.6491821289062503,-9.6839599609375,10.7666015625,-11.0015869140625,2.23236083984375
26.25,10.9749693375,9.429686985397456,60,1.4816040039062501,3.3765258789062504,-8.70718994140625,2.95867919921875,-1.61285400390625,-10.7666015625
26.333333333333332,13.829865412499998,9.429686985397456,60,1.12391357421875,2.80709228515625,-8.70419921875,34.0728759765625,-9.11102294921875,8.929443359375
26.416666666666668,18.3696181875,9.416846156007061,60,1.4660522460937502,2.5851806640625004,-9.015832519531251,42.88482666015625,-17.39959716796875,8.74786376953125
26.5,21.6457284375,9.423264123805291,60,1.8434814453125001,1.8781738281250002,-9.5834716796875,21.45843505859375,-8.94012451171875,0.28839111328125
26.583333333333332,22.113744187499996,9.442547404892789,60,1.5994384765625,1.94935302734375,-9.394458007812501,26.40380859375,5.1483154296875,9.14306640625
26.666666666666668,23.775200099999996,9.423264123805291,60,1.6592529296875,1.6311401367187501,-8.687451171875,26.79901123046875,8.11767578125,16.63055419921875
26.75,23.2837835625,9.429686985397456,60,2.05462646484375,1.1855224609375001,-8.927905273437501,18.3074951171875,-4.24041748046875,-1.6448974609375
26.833333333333332,20.826700874999997,9.442547404892789,60,2.3112304687500003,0.9510498046875001,-10.059594726562501,10.84136962890625,-8.9508056640625,-8.7799072265625
26.916666666666668,17.8079992875,9.448984970267674,60,1.512109375,0.95643310546875,-9.771289062500001,3.17230224609375,-10.7666015625,-9.228515625
27,13.75966305,9.436114744515145,60,1.4929687500000002,1.5258666992187502,-8.268151855468751,-6.9854736328125,-8.245849609375,0.99334716796875
27.083333333333332,11.138774849999999,9.423264123805291,60,2.69464111328125,0.5514892578125,-10.157092285156251,4.01611328125,-17.03643798828125,0.982666015625
27.166666666666668,10.7877630375,9.442547404892789,60,1.16578369140625,1.8793701171875001,-9.26346435546875,-5.72509765625,-14.92156982421875,-29.095458984375
27.25,13.034238637499998,9.45542744437993,60,0.9079833984375001,0.6477905273437501,-9.754541015625001,12.65716552734375,-12.65716552734375,-10.467529296875
27.333333333333332,13.642659112499999,9.448984970267674,60,2.1473388671875,1.0772583007812502,-9.26944580078125,8.85467529296875,5.58624267578125,12.61444091796875
27.416666666666668,11.279179574999999,9.436114744515145,60,2.50682373046875,1.1017822265625001,-9.852038574218751,-8.91876220703125,2.29644775390625,-9.99755859375
27.5,9.26671185,9.448984970267674,60,1.26387939453125,2.2071533203125,-10.001574707031251,-20.53985595703125,-3.802490234375,-31.87255859375
27.583333333333332,8.6816921625,9.45542744437993,60,0.8200561523437501,2.1150390625,-8.884240722656251,-54.8583984375,1.9439697265625,-22.2381591796875
27.666666666666668,9.243311062499998,9.448984970267674,60,1.12152099609375,2.91595458984375,-7.8165527343750005,-42.56439208984375,-23.66943359375,9.7412109375
27.75,9.336914212499998,9.45542744437993,60,1.7776855468750001,3.2054565429687503,-9.020617675781251,-1.666259765625,-5.21240234375,11.86676025390625
27.833333333333332,9.64112445,9.45542744437993,60,1.30694580078125,3.3585815429687504,-9.127685546875,-6.2591552734375,0.69427490234375,-15.7440185546875
27.916666666666668,10.038937837499999,9.45542744437993,60,1.6472900390625,2.930908203125,-8.751452636718751,-1.5594482421875,-4.32586669921875,-1.324462890625
28,10.460152012499998,9.45542744437993,60,1.3075439453125002,3.03438720703125,-9.0260009765625,-2.61688232421875,-1.22833251953125,-7.08160400390625
28.083333333333332,10.9281677625,9.442547404892789,60,1.68018798828125,3.2766357421875,-9.008056640625,-1.93328857421875,-9.6343994140625,-6.03485107421875
28.166666666666668,11.747195325,9.442547404892789,60,1.57491455078125,3.52965087890625,-8.01453857421875,6.86798095703125,-3.32183837890625,-3.53546142578125
28.25,15.2339126625,9.468327133791343,60,1.6777954101562502,2.64559326171875,-9.279016113281251,28.33709716796875,6.97479248046875,-6.195068359375
28.333333333333332,16.614559124999996,9.461874830972539,60,1.7956298828125001,2.8346069335937503,-9.370532226562501,29.29840087890625,1.82647705078125,-1.35650634765625
28.416666666666668,18.393018975,9.448984970267674,60,1.8147705078125,2.2801269531250004,-9.029589843750001,29.64019775390625,2.3284912109375,10.638427734375
28.5,18.837633937499998,9.448984970267674,60,1.79024658203125,2.4655517578125004,-8.994897460937501,18.29681396484375,2.8411865234375,0.92926025390625
28.583333333333332,20.9671056,9.461874830972539,60,1.8410888671875,2.23287353515625,-8.632421875,21.0845947265625,-0.92926025390625,15.07110595703125
28.666666666666668,23.073176474999997,9.461874830972539,60,2.8525512695312503,1.2244018554687501,-10.0069580078125,31.75506591796875,-5.75714111328125,19.25811767578125
28.75,23.2837835625,9.468327133791343,60,1.7956298828125001,1.4869873046875002,-9.19886474609375,29.266357421875,-8.98284912109375,-0.8331298828125
28.833333333333332,23.166779624999997,9.461874830972539,60,1.9009033203125,1.1580078125000002,-8.900390625,20.96710205078125,-9.954833984375,-1.2603759765625
28.916666666666668,21.856335524999995,9.481246503105167,60,1.77589111328125,0.7189697265625,-9.75274658203125,23.0712890625,-10.85205078125,2.31781005859375
29,16.801765425,9.461874830972539,60,2.37822265625,0.16389160156250002,-11.05311279296875,43.56842041015625,-0.90789794921875,-22.41973876953125
29.083333333333332,14.2042780125,9.468327133791343,60,2.17904052734375,-0.09689941406250001,-9.52066650390625,6.73980712890625,-20.977783203125,-13.58642578125
29.166666666666668,12.379016587499995,9.468327133791343,60,0.8613281250000001,0.7614379882812501,-8.5187744140625,-10.125732421875,-8.64105224609375,-3.23638916015625
29.25,12.191810287500001,9.481246503105167,60,2.7670166015625,0.05084228515625001,-10.20733642578125,5.596923828125,-0.6622314453125,40.289306640625
29.333333333333332,9.6177236625,9.481246503105167,60,2.08214111328125,-0.0657958984375,-10.390966796875,-14.697265625,6.7291259765625,-16.2994384765625
29.416666666666668,8.541287437499998,9.481246503105167,60,-0.23985595703125,1.6161865234375001,-7.94156494140625,-68.94683837890625,2.178955078125,-24.9298095703125
29.5,7.230843337499999,9.468327133791343,60,0.9893310546875,2.1575073242187504,-8.30762939453125,-35.51483154296875,-16.43829345703125,18.53179931640625
29.583333333333332,5.8033953,9.494185582345262,60,2.1228149414062503,2.0600097656250003,-9.6959228515625,-24.10736083984375,-21.00982666015625,2.99072265625
29.666666666666668,5.756593724999999,9.487713577106149,60,1.6245605468750002,2.7538574218750003,-9.0929931640625,-25.73089599609375,-22.97515869140625,-13.6932373046875
29.75,6.318212624999999,9.494185582345262,60,1.93739013671875,2.5522827148437504,-8.956018066406251,-17.18597412109375,-21.60797119140625,8.9935302734375
29.833333333333332,6.528819712499999,9.487713577106149,60,2.07735595703125,2.5899658203125,-9.768896484375,-25.06866455078125,6.2164306640625,-13.0096435546875
29.916666666666668,6.879831524999998,9.494185582345262,60,1.13348388671875,3.3645629882812504,-8.33155517578125,-30.47332763671875,15.63720703125,-15.5303955078125
30,7.6052559375,9.487713577106149,60,1.471435546875,3.6558593750000004,-8.5139892578125,-24.8443603515625,-1.0040283203125,0.75836181640625
30.083333333333332,8.4242835,9.5071444015813,60,1.8632202148437502,3.6163818359375,-8.7747802734375,-18.85223388671875,-3.118896484375,-1.9866943359375
30.166666666666668,9.851731537499997,9.500662522582642,60,2.3435302734375,3.6235595703125,-9.045739746093751,1.99737548828125,-0.128173828125,-4.8492431640625
30.25,11.255778787499999,9.494185582345262,60,1.9146606445312502,3.88076171875,-8.68446044921875,13.330078125,4.35791015625,-12.14447021484375
30.333333333333332,13.75966305,9.500662522582642,60,1.3434326171875002,3.54281005859375,-7.99539794921875,50.95977783203125,14.25933837890625,-4.913330078125
30.416666666666668,18.1590111,9.5071444015813,60,2.9081787109375004,2.2472290039062504,-10.108642578125,78.1005859375,-5.56488037109375,15.850830078125
30.5,21.154311899999996,9.494185582345262,60,2.17784423828125,1.9272216796875001,-9.32327880859375,49.90234375,-0.71563720703125,6.73980712890625
30.583333333333332,22.558359149999998,9.500662522582642,60,2.1515258789062504,1.6377197265625,-8.72393798828125,37.80059814453125,1.79443359375,15.380859375
30.666666666666668,22.9561725375,9.474784356585035,60,2.935693359375,1.0150512695312501,-10.10206298828125,33.91265869140625,-4.69970703125,19.06585693359375
30.75,21.669129224999995,9.5071444015813,60,2.67071533203125,0.52576904296875,-9.7700927734375,21.148681640625,-7.5836181640625,4.52880859375
30.833333333333332,19.492855987499997,9.500662522582642,60,2.10726318359375,0.54132080078125,-9.314904785156251,23.82965087890625,-3.1829833984375,4.83856201171875
30.916666666666668,18.510022912500002,9.500662522582642,60,3.3789184570312503,0.35170898437500003,-9.171350097656251,21.41571044921875,-2.8839111328125,6.3232421875
31,17.456987475000002,9.481246503105167,60,1.9020996093750002,0.32120361328125,-9.61038818359375,6.31256103515625,-8.25653076171875,-17.95501708984375
31.083333333333332,16.052940225,9.5071444015813,60,1.856640625,0.22430419921875003,-9.46204833984375,12.1978759765625,-10.82000732421875,-7.12432861328125
31.166666666666668,13.94686935,9.5071444015813,60,1.83211669921875,0.060412597656250004,-9.582275390625,7.3486328125,-11.37542724609375,-4.6356201171875
31.25,11.091973274999999,9.513631223107115,60,2.1664794921875004,0.5778076171875001,-9.4949462890625,-8.53424072265625,-10.86273193359375,-7.1990966796875
31.333333333333332,9.290112637499998,9.513631223107115,60,2.5684326171875003,0.41092529296875,-9.94654541015625,-38.5162353515625,-3.5675048828125,-18.2647705078125
31.416666666666668,7.6520575125,9.520122990928833,60,1.8811645507812502,1.222607421875,-9.237145996093751,-46.51641845703125,-18.6492919921875,-12.35809326171875
31.5,6.599022075000001,9.520122990928833,60,2.4685424804687504,1.9224365234375,-8.56064453125,-34.80987548828125,-20.892333984375,6.69708251953125
31.583333333333332,5.826796087499998,9.526619708818078,60,1.8697998046875002,1.9385864257812502,-9.5224609375,-25.1861572265625,1.7303466796875,-16.32080078125
31.666666666666668,6.0140023875,9.5071444015813,60,1.4487060546875001,2.3004638671875,-9.215014648437501,-21.7681884765625,5.1055908203125,-14.5050048828125
31.75,6.528819712499999,9.533121380549346,60,2.2215087890625003,2.1832275390625,-9.255090332031251,-3.83453369140625,-12.945556640625,6.3446044921875
31.833333333333332,6.271411049999999,9.520122990928833,60,1.8099853515625002,2.6665283203125,-9.338232421875,-16.78009033203125,-4.71038818359375,-20.9991455078125
31.916666666666668,6.388414987499998,9.526619708818078,60,1.3769287109375001,3.0768554687500003,-8.43204345703125,-24.481201171875,-11.3006591796875,-8.758544921875
32,7.020236249999999,9.513631223107115,60,1.9822509765625,3.03438720703125,-9.353784179687501,-18.63861083984375,-10.33935546875,-5.99212646484375
32.083333333333336,8.7284937375,9.513631223107115,60,1.88355712890625,3.41719970703125,-8.859716796875,-8.80126953125,-4.1015625,-17.76275634765625
32.166666666666664,10.506953587499998,9.546139600650347,60,1.1998779296875002,3.4644531250000004,-8.1000732421875,-3.06549072265625,-1.74102783203125,-17.78411865234375
32.25,12.215211074999997,9.526619708818078,60,1.571923828125,3.39925537109375,-8.19876708984375,15.423583984375,-3.19366455078125,-2.81982421875
32.333333333333336,16.357150462499998,9.539628009900019,60,2.2322753906250004,3.0260131835937503,-9.49554443359375,32.8338623046875,6.31256103515625,-7.0068359375
32.416666666666664,18.861034725,9.539628009900019,60,1.90150146484375,2.83580322265625,-9.00626220703125,28.497314453125,12.04833984375,-7.26318359375
32.5,20.007673312499996,9.539628009900019,60,1.67958984375,2.6910522460937503,-8.671899414062501,24.17144775390625,0.37384033203125,7.1136474609375
32.583333333333336,21.411720562499998,9.533121380549346,60,2.5780029296875,1.7507690429687501,-9.70489501953125,43.32275390625,-4.742431640625,30.1422119140625
32.666666666666664,21.7159308,9.539628009900019,60,2.193994140625,1.6831787109375,-9.018823242187501,36.5936279296875,-6.75048828125,12.90283203125
32.75,22.6285615125,9.546139600650347,60,1.7334228515625,1.4098266601562501,-9.104357910156251,28.50799560546875,-9.48486328125,7.33795166015625
32.833333333333336,21.786133162499997,9.539628009900019,60,2.8465698242187503,0.99710693359375,-9.673791503906251,31.103515625,-2.38189697265625,11.151123046875
32.916666666666664,21.177712687499998,9.533121380549346,60,0.6896606445312501,0.8385986328125,-8.070166015625,10.3179931640625,-0.16021728515625,-5.46875
33,19.0950426,9.552656156583478,60,2.162890625,0.43365478515625006,-9.25867919921875,26.15814208984375,-2.2857666015625,10.28594970703125
33.083333333333336,15.116908724999996,9.572235653354333,60,2.1395629882812504,0.7225585937500001,-9.36395263671875,9.2071533203125,-4.913330078125,-10.467529296875
33.166666666666664,15.491321325,9.552656156583478,60,2.380615234375,-0.039477539062500004,-9.93338623046875,5.9173583984375,-11.11907958984375,-5.6182861328125
33.25,14.344682737499998,9.552656156583478,60,1.8692016601562502,0.49526367187500003,-9.06488037109375,13.031005859375,-14.5477294921875,-5.24444580078125
33.333333333333336,14.602091399999997,9.539628009900019,60,2.4679443359375,0.11783447265625001,-9.4088134765625,8.45947265625,-12.91351318359375,-0.76904296875
33.416666666666664,14.251079587499998,9.546139600650347,60,2.2430419921875,-0.09989013671875001,-9.262866210937501,6.95343017578125,-2.392578125,1.7303466796875
33.5,13.2214449375,9.565704179145115,60,2.5361328125,-0.11364746093750001,-10.674487304687501,2.44598388671875,5.511474609375,-0.24566650390625
33.583333333333336,10.132540987499999,9.55917768148543,60,2.2717529296875,0.33316650390625,-9.820336914062501,-33.42132568359375,-13.63983154296875,-19.525146484375
33.666666666666664,7.8626646,9.572235653354333,60,0.84876708984375,1.5473999023437501,-8.902783203125,-81.7535400390625,-6.01348876953125,-42.26531982421875
33.75,6.6692244375,9.552656156583478,60,2.70660400390625,1.390087890625,-9.155200195312501,-60.2203369140625,-7.18841552734375,14.66522216796875
33.833333333333336,4.352546475,9.552656156583478,60,1.9930175781250001,2.4446166992187504,-9.648669433593751,-21.52252197265625,-15.71197509765625,-13.76800537109375
33.916666666666664,4.3057449,9.55917768148543,60,2.0211303710937503,2.361474609375,-8.46793212890625,-11.03363037109375,-8.6944580078125,-11.63177490234375
34,4.071737024999998,9.55917768148543,60,2.4266723632812504,2.576806640625,-10.088305664062501,-5.56488037109375,-21.37298583984375,-15.75469970703125
34.083333333333336,4.235542537500001,9.572235653354333,60,1.5587646484375002,3.0995849609375004,-8.697021484375,-29.91790771484375,-4.00543212890625,-25.3143310546875
34.166666666666664,5.967200812499999,9.546139600650347,60,1.2333740234375001,3.3388427734375004,-8.8525390625,-33.49609375,0.2777099609375,-21.41571044921875
34.25,7.932866962499999,9.572235653354333,60,1.6592529296875,3.7695068359375004,-8.985925292968751,-15.43426513671875,-8.160400390625,-19.59991455078125
34.333333333333336,9.313513425,9.55917768148543,60,1.0347900390625,3.605615234375,-8.60072021484375,-5.05218505859375,-5.84259033203125,-17.730712890625
34.416666666666664,10.085739412499999,9.565704179145115,60,1.2626831054687502,3.844873046875,-8.357873535156251,-1.62353515625,-16.363525390625,-6.73980712890625
34.5,11.0451717,9.55917768148543,60,0.753662109375,3.9513427734375,-7.622753906250001,5.6396484375,-0.341796875,-5.47943115234375
34.583333333333336,13.2214449375,9.57877210790778,60,1.6131958007812501,3.5398193359375,-8.56363525390625,40.49224853515625,-3.802490234375,12.56103515625
34.666666666666664,18.720629999999996,9.572235653354333,60,1.7860595703125002,2.4607666015625003,-9.34002685546875,50.3509521484375,26.959228515625,5.20172119140625
34.75,21.247915049999996,9.59185997324058,60,2.2406494140625,2.0947021484375004,-9.8179443359375,36.14501953125,13.59710693359375,3.67431640625
34.833333333333336,22.605160725,9.57877210790778,60,1.9152587890625001,2.21492919921875,-8.37222900390625,20.66802978515625,8.1817626953125,15.4876708984375
34.916666666666664,23.447589074999996,9.57877210790778,60,3.0720703125,1.84168701171875,-9.81375732421875,30.0140380859375,-7.46612548828125,26.2969970703125
35,24.2666166375,9.585313546603034,60,2.4296630859375004,1.2429443359375,-9.482385253906251,22.14202880859375,-7.48748779296875,7.1563720703125
35.083333333333336,22.792367025,9.585313546603034,60,1.7029174804687501,1.2064575195312501,-8.500830078125,22.07794189453125,-11.9842529296875,3.36456298828125
35.166666666666664,19.9140701625,9.572235653354333,60,2.2861083984375004,0.8314208984375001,-8.800500488281251,23.72283935546875,-11.9415283203125,10.00823974609375
35.25,16.6613607,9.57877210790778,60,2.4404296875,0.7781860351562501,-10.113427734375001,18.8201904296875,-11.80267333984375,-3.0975341796875
35.333333333333336,15.7955315625,9.59185997324058,60,2.0689819335937503,0.5490966796875001,-9.82691650390625,9.8907470703125,-12.74261474609375,-3.631591796875
35.416666666666664,15.818932349999997,9.585313546603034,60,1.59345703125,0.7034179687500001,-8.848352050781251,5.0628662109375,-9.43145751953125,-8.32061767578125
35.5,15.210511874999998,9.59185997324058,60,2.8166625976562503,0.48389892578125004,-10.255786132812501,0.71563720703125,-8.00018310546875,-3.91998291015625
35.583333333333336,13.619258324999997,9.59185997324058,60,2.7269409179687503,0.6854736328125001,-10.08172607421875,-8.85467529296875,-7.4981689453125,-13.53302001953125
35.666666666666664,12.028004774999996,9.59185997324058,60,2.0875244140625,0.5275634765625,-10.07215576171875,-15.8294677734375,-6.31256103515625,-16.6839599609375
35.75,9.5241205125,9.611529218855257,60,1.4845947265625001,1.5713256835937501,-9.639697265625001,-36.871337890625,-15.47698974609375,-29.437255859375
35.833333333333336,9.126307124999999,9.618095635324766,60,0.055627441406250006,2.6784912109375,-8.19697265625,-73.32611083984375,-17.3248291015625,-21.875
35.916666666666664,9.5241205125,9.611529218855257,60,1.6712158203125,2.57381591796875,-8.528344726562501,-20.66802978515625,-14.98565673828125,29.72564697265625
36,9.921933899999999,9.60496780555896,60,1.9678955078125002,2.9919189453125004,-8.9302978515625,10.51025390625,-12.04833984375,7.61566162109375
36.083333333333336,10.249544924999999,9.60496780555896,60,1.30096435546875,2.201171875,-9.42615966796875,0.469970703125,5.682373046875,-3.59954833984375
36.166666666666664,10.179342562499999,9.598411391623795,60,1.6951416015625,2.9010009765625,-9.201257324218751,-35.0982666015625,4.77447509765625,-12.05902099609375
36.25,10.553755162499998,9.598411391623795,60,2.0947021484375004,2.8615234375000003,-8.56961669921875,-18.89495849609375,-12.37945556640625,7.74383544921875
36.333333333333336,11.0451717,9.618095635324766,60,2.4511962890625,3.2204101562500003,-9.41419677734375,-9.51690673828125,-5.084228515625,-7.57293701171875
36.416666666666664,12.2854134375,9.631243493046313,60,1.1909057617187502,3.3388427734375004,-8.54569091796875,-16.26739501953125,-8.3740234375,-30.08880615234375
36.5,16.4039520375,9.60496780555896,60,1.3721435546875,3.27244873046875,-8.70838623046875,-12.1337890625,-27.34375,-20.30487060546875
36.583333333333336,17.363384325000002,9.60496780555896,60,0.533544921875,3.8412841796875004,-8.03009033203125,19.6319580078125,-18.10455322265625,-14.61181640625
36.666666666666664,17.9484040125,9.618095635324766,60,0.7375122070312501,3.36815185546875,-9.206640625,44.732666015625,-23.2421875,10.86273193359375
36.75,19.8672685875,9.618095635324766,60,1.0048828125,3.1940917968750004,-8.53372802734375,28.31573486328125,1.0040283203125,-2.44598388671875
36.833333333333336,23.260382774999997,9.624667058782485,60,1.6724121093750002,2.54390869140625,-9.40103759765625,43.8568115234375,28.01666259765625,6.707763671875
36.916666666666664,26.232282787499997,9.624667058782485,60,1.7053100585937502,2.2645751953125,-9.699511718750001,24.481201171875,7.20977783203125,0.80108642578125
37,30.280619024999996,9.618095635324766,60,1.6538696289062502,1.5671386718750002,-9.2652587890625,27.1942138671875,5.41534423828125,10.64910888671875
37.083333333333336,29.157381224999998,9.624667058782485,60,1.65626220703125,1.3583862304687502,-9.04334716796875,23.72283935546875,-9.2926025390625,5.767822265625
37.166666666666664,27.215115862499996,9.618095635324766,60,0.9959106445312501,1.2549072265625,-9.2365478515625,23.57330322265625,-1.1322021484375,21.90704345703125
37.25,24.2666166375,9.624667058782485,60,2.6497802734375,0.96121826171875,-9.446496582031251,42.4041748046875,-12.99896240234375,51.1199951171875
37.333333333333336,23.4007875,9.644411409278458,60,2.7377075195312504,0.21353759765625002,-9.5045166015625,41.62445068359375,8.0963134765625,23.48785400390625
37.416666666666664,21.1309111125,9.631243493046313,60,0.61907958984375,0.09689941406250001,-8.818444824218751,15.00701904296875,-6.0882568359375,-27.29034423828125
37.5,21.201113475,9.66420096028755,60,2.2885009765625,0.054431152343750004,-10.467529296875,13.78936767578125,-5.62896728515625,4.52880859375
37.583333333333336,20.4288874875,9.631243493046313,60,1.61080322265625,0.05203857421875,-9.413598632812501,3.41796875,-4.69970703125,-3.5888671875
37.666666666666664,17.784598499999998,9.631243493046313,60,2.20296630859375,0.1591064453125,-9.337634277343751,-0.63018798828125,-2.51007080078125,-7.2418212890625
37.75,13.525655174999997,9.644411409278458,60,1.64429931640625,0.07716064453125,-10.1146240234375,-21.47979736328125,-4.00543212890625,-19.6319580078125
37.833333333333336,10.460152012499998,9.657599414622684,60,2.11444091796875,0.8750854492187501,-9.941760253906251,-47.79815673828125,16.0003662109375,-2.46734619140625
37.916666666666664,9.594322874999998,9.651002898897147,60,1.7106933593750002,1.41162109375,-8.6384033203125,-50.4791259765625,9.3353271484375,-2.0721435546875
38,8.775295312499999,9.657599414622684,60,1.6305419921875002,2.2478271484375,-8.272937011718751,-33.20770263671875,-1.068115234375,-7.89337158203125
38.083333333333336,6.7862283749999985,9.657599414622684,60,2.7335205078125,1.6999267578125001,-10.264758300781251,-23.1353759765625,-5.126953125,-11.99493408203125
38.166666666666664,6.45861735,9.670807539727146,60,1.7136840820312502,2.5612548828125004,-8.673095703125,-35.27984619140625,-16.9830322265625,-24.4171142578125
38.25,6.7160260124999995,9.717194864285284,60,2.3967651367187504,2.91475830078125,-8.8716796875,-8.61968994140625,-14.697265625,-11.8988037109375
38.333333333333336,8.494485862499998,9.657599414622684,60,1.8937255859375002,2.8064941406250004,-9.40103759765625,-9.70916748046875,-9.64508056640625,-30.5694580078125
38.416666666666664,10.085739412499999,9.684035815286766,60,1.54500732421875,3.1546142578125003,-8.8489501953125,-13.031005859375,0.69427490234375,-37.3626708984375
38.5,14.274480375,9.670807539727146,60,0.66334228515625,3.49974365234375,-8.368640136718751,-21.20208740234375,-19.06585693359375,-36.83929443359375
38.583333333333336,16.7315630625,9.66420096028755,60,1.3494140625000002,3.3699462890625003,-9.110339355468751,8.843994140625,-16.69464111328125,-3.375244140625
38.666666666666664,20.920304025,9.670807539727146,60,1.52825927734375,3.0307983398437504,-8.9661865234375,28.95660400390625,5.340576171875,17.987060546875
38.75,23.424188287499994,9.684035815286766,60,1.56295166015625,2.8017089843750003,-8.71197509765625,34.19036865234375,16.107177734375,11.03363037109375
38.833333333333336,24.5474260875,9.684035815286766,60,2.2920898437500004,2.33037109375,-9.93218994140625,22.05657958984375,11.1724853515625,6.31256103515625
38.916666666666664,23.236981987500002,9.684035815286766,60,1.9870361328125001,2.3507080078125,-9.403430175781251,6.29119873046875,11.492919921875,-1.01470947265625
39,23.775200099999996,9.684035815286766,60,2.11444091796875,1.9248291015625,-8.123400878906251,9.0362548828125,16.8121337890625,7.220458984375
39.083333333333336,24.336819,9.657599414622684,60,2.63243408203125,2.2358642578125,-9.93218994140625,13.800048828125,-39.01824951171875,0.76904296875
39.166666666666664,23.892204037499997,9.670807539727146,60,2.7735961914062504,1.5737182617187502,-10.00516357421875,4.53948974609375,-3.64227294921875,-2.04010009765625
39.25,17.597392199999998,9.690657519092225,60,3.1516235351562503,2.5833862304687503,-8.49066162109375,-4.827880859375,11.6851806640625,-1.99737548828125
39.333333333333336,12.519421312499999,9.670807539727146,60,4.36346435546875,1.6496826171875,-9.069665527343751,31.58416748046875,93.39599609375,-6.95343017578125
39.416666666666664,5.0779708874999985,9.697284272043293,60,2.3507080078125,2.9656005859375,-8.389575195312501,-5.255126953125,72.8240966796875,-34.12628173828125
39.5,1.7082574874999998,9.684035815286766,60,4.78336181640625,2.9225341796875,-6.9193359375000005,-23.29559326171875,28.668212890625,14.0777587890625
39.583333333333336,0.28080944999999974,9.703916077990012,60,9.92740478515625,0.562255859375,-10.32816162109375,-8.28857421875,10.1898193359375,67.92144775390625
39.666666666666664,0,9.684035815286766,60,5.397656250000001,1.2985717773437502,-8.17962646484375,-48.0010986328125,40.9088134765625,-8.1817626953125
39.75,2.620888200000001,9.71055294078537,60,7.4905639648437505,3.98543701171875,-5.1213134765625,-50.244140625,5.24444580078125,30.04608154296875
39.833333333333336,17.152777237499997,9.697284272043293,60,1.5378295898437502,0.9905273437500001,-6.81346435546875,14.61181640625,-58.37249755859375,-42.62847900390625
39.916666666666664,19.937470949999998,9.703916077990012,60,1.4415283203125,5.442517089843751,-10.00037841796875,55.6060791015625,-106.01043701171875,-23.797607421875
40,23.704997737499998,9.71055294078537,60,2.51878662109375,1.366162109375,-7.3978515625000005,-96.856689453125,-80.20477294921875,-3.5675048828125
40.083333333333336,21.458522137499997,9.697284272043293,60,1.9738769531250002,3.3639648437500003,-6.501831054687501,-21.10595703125,72.74932861328125,-0.43792724609375
40.166666666666664,18.299415825,9.697284272043293,60,1.3643676757812502,5.651867675781251,-8.313012695312501,15.12451171875,-3.3538818359375,-40.38543701171875
40.25,15.655126837499997,9.703916077990012,60,3.0248168945312504,3.53682861328125,-8.56961669921875,-28.80706787109375,-37.03155517578125,1.3458251953125
40.333333333333336,10.7409614625,9.71055294078537,60,2.505029296875,3.4034423828125004,-7.653857421875,-44.7113037109375,-60.20965576171875,-14.8040771484375
40.416666666666664,5.920399237499999,9.71055294078537,60,2.5223754882812504,2.835205078125,-7.56114501953125,-13.1591796875,-5.22308349609375,-7.27386474609375
40.5,3.556919699999999,9.723841852348615,60,2.3620727539062503,5.21282958984375,-7.437329101562501,-9.356689453125,-28.31573486328125,-9.65576171875
